Date,Time_AM_PM,Simulation_Step,Vehicle_Count,Average_Speed,Waiting_Time
2026-03-04,02:32:15 PM,0,1,0.0,0.0
2026-03-04,02:32:16 PM,1,3,0.7493437034388384,0.0
2026-03-04,02:32:17 PM,2,5,1.4958231848524886,0.0
2026-03-04,02:32:18 PM,3,7,2.3006785939480845,0.0
2026-03-04,02:32:19 PM,4,8,3.523626714973943,0.0
2026-03-04,02:32:20 PM,5,10,4.378947222907842,0.0
2026-03-04,02:32:21 PM,6,13,4.77098594308206,0.0
2026-03-04,02:32:22 PM,7,15,5.584606966739072,0.0
2026-03-04,02:32:23 PM,8,17,6.625894454805991,0.0
2026-03-04,02:32:24 PM,9,19,7.386411646441788,0.0
2026-03-04,02:32:25 PM,10,21,7.919225093533923,0.0
2026-03-04,02:32:26 PM,11,22,8.191815192506164,0.0
2026-03-04,02:32:27 PM,12,24,7.831316209028682,0.0
2026-03-04,02:32:28 PM,13,26,7.632585788110229,0.0
2026-03-04,02:32:29 PM,14,29,7.58611306154405,0.0
2026-03-04,02:32:30 PM,15,31,7.905198810753821,0.0
2026-03-04,02:32:31 PM,16,33,8.052707812431192,0.0
2026-03-04,02:32:32 PM,17,35,8.02852048540709,0.0
2026-03-04,02:32:33 PM,18,37,8.242844603762695,0.0
2026-03-04,02:32:34 PM,19,39,8.686898326614584,0.0
2026-03-04,02:32:35 PM,20,41,8.996577579287889,0.0
2026-03-04,02:32:36 PM,21,43,9.614130449319644,0.0
2026-03-04,02:32:37 PM,22,45,10.10907868485636,0.0
2026-03-04,02:32:38 PM,23,47,10.211847635974983,0.0
2026-03-04,02:32:39 PM,24,49,10.157510846471897,0.0
2026-03-04,02:32:40 PM,25,51,9.691021989724197,0.0
2026-03-04,02:32:41 PM,26,53,9.043369767629937,0.0
2026-03-04,02:32:42 PM,27,55,9.029090488467954,0.0
2026-03-04,02:32:43 PM,28,57,9.197565809194947,0.0
2026-03-04,02:32:44 PM,29,59,9.653711663736775,0.0
2026-03-04,02:32:45 PM,30,60,10.317027540212345,0.0
2026-03-04,02:32:46 PM,31,63,10.759373980266787,0.0
2026-03-04,02:32:47 PM,32,64,10.971309675539372,0.0
2026-03-04,02:32:48 PM,33,66,10.877722184522193,0.0
2026-03-04,02:32:49 PM,34,69,10.543559102237774,0.0
2026-03-04,02:32:50 PM,35,71,10.413107216529276,0.014084507042253521
2026-03-04,02:32:51 PM,36,73,10.296506804892452,0.0273972602739726
2026-03-04,02:32:52 PM,37,75,10.354427234928654,0.0
2026-03-04,02:32:53 PM,38,76,10.560541891022377,0.0
2026-03-04,02:32:54 PM,39,78,11.016541028557478,0.0
2026-03-04,02:32:55 PM,40,80,11.506964029821136,0.0
2026-03-04,02:32:56 PM,41,82,11.81197919541126,0.0
2026-03-04,02:32:57 PM,42,84,11.900426177876492,0.0
2026-03-04,02:32:58 PM,43,86,12.04796924630705,0.0
2026-03-04,02:32:59 PM,44,88,12.034799613037205,0.011363636363636364
2026-03-04,02:33:00 PM,45,90,11.81932895952181,0.022222222222222223
2026-03-04,02:33:01 PM,46,90,11.476300472431408,0.0
2026-03-04,02:33:02 PM,47,92,11.69324733916785,0.021739130434782608
2026-03-04,02:33:03 PM,48,94,11.839526861262884,0.02127659574468085
2026-03-04,02:33:04 PM,49,95,11.941802764657414,0.031578947368421054
2026-03-04,02:33:05 PM,50,97,11.898094934346824,0.041237113402061855
2026-03-04,02:33:06 PM,51,99,11.708432050769286,0.06060606060606061
2026-03-04,02:33:07 PM,52,101,11.487703652953265,0.07920792079207921
2026-03-04,02:33:08 PM,53,103,11.475213722491175,0.11650485436893204
2026-03-04,02:33:09 PM,54,105,11.239391153755104,0.09523809523809523
2026-03-04,02:33:10 PM,55,106,11.203281271149567,0.1320754716981132
2026-03-04,02:33:11 PM,56,109,11.051789487889724,0.11009174311926606
2026-03-04,02:33:12 PM,57,111,11.099794628880964,0.13513513513513514
2026-03-04,02:33:13 PM,58,112,11.270346654807714,0.15178571428571427
2026-03-04,02:33:14 PM,59,114,11.069220786902644,0.17543859649122806
2026-03-04,02:33:15 PM,60,115,11.318548623616175,0.19130434782608696
2026-03-04,02:33:16 PM,61,117,11.293385778166595,0.23076923076923078
2026-03-04,02:33:17 PM,62,119,11.499764918002153,0.2773109243697479
2026-03-04,02:33:18 PM,63,120,11.61780903357228,0.3416666666666667
2026-03-04,02:33:19 PM,64,123,11.758738155721936,0.4065040650406504
2026-03-04,02:33:20 PM,65,125,11.582334336297784,0.48
2026-03-04,02:33:21 PM,66,126,11.603226381260182,0.5317460317460317
2026-03-04,02:33:22 PM,67,129,11.444277308061814,0.6046511627906976
2026-03-04,02:33:23 PM,68,130,11.381710882144986,0.6923076923076923
2026-03-04,02:33:24 PM,69,132,11.35050956992515,0.7272727272727273
2026-03-04,02:33:25 PM,70,132,11.057685287412612,0.8106060606060606
2026-03-04,02:33:26 PM,71,132,11.147835096562382,0.7348484848484849
2026-03-04,02:33:27 PM,72,131,11.269444409910463,0.7251908396946565
2026-03-04,02:33:28 PM,73,135,10.947129169230267,0.725925925925926
2026-03-04,02:33:29 PM,74,137,10.87980557319659,0.7883211678832117
2026-03-04,02:33:30 PM,75,139,10.857973606775627,0.841726618705036
2026-03-04,02:33:31 PM,76,138,10.736022782352745,0.927536231884058
2026-03-04,02:33:32 PM,77,140,10.763711515778711,0.9785714285714285
2026-03-04,02:33:33 PM,78,140,10.672355227896695,0.9642857142857143
2026-03-04,02:33:34 PM,79,141,10.551003539407663,1.0283687943262412
2026-03-04,02:33:35 PM,80,144,10.342483411956444,1.1111111111111112
2026-03-04,02:33:36 PM,81,146,10.324273125626847,1.13013698630137
2026-03-04,02:33:37 PM,82,144,10.464439249235902,1.2152777777777777
2026-03-04,02:33:38 PM,83,146,10.519815264959865,1.2534246575342465
2026-03-04,02:33:39 PM,84,149,10.329161507571023,1.3020134228187918
2026-03-04,02:33:40 PM,85,151,10.19636727775771,1.3774834437086092
2026-03-04,02:33:41 PM,86,153,10.089816811320318,1.477124183006536
2026-03-04,02:33:42 PM,87,155,9.993949513024582,1.5806451612903225
2026-03-04,02:33:43 PM,88,157,10.137545074772623,1.6560509554140128
2026-03-04,02:33:44 PM,89,159,10.139176366880836,1.7358490566037736
2026-03-04,02:33:45 PM,90,158,10.14277055037894,1.8670886075949367
2026-03-04,02:33:46 PM,91,158,9.672866836194975,1.9746835443037976
2026-03-04,02:33:47 PM,92,160,9.614312988220917,1.90625
2026-03-04,02:33:48 PM,93,158,9.350535394186442,2.0632911392405062
2026-03-04,02:33:49 PM,94,159,9.50701916562035,2.2327044025157234
2026-03-04,02:33:50 PM,95,162,9.425217231603721,2.308641975308642
2026-03-04,02:33:51 PM,96,162,9.382591464941111,2.3580246913580245
2026-03-04,02:33:52 PM,97,164,9.383980742224061,2.4634146341463414
2026-03-04,02:33:53 PM,98,167,9.254413529351178,2.4850299401197606
2026-03-04,02:33:54 PM,99,169,9.19892472964712,2.5502958579881656
2026-03-04,02:33:55 PM,100,169,8.994687028618628,2.57396449704142
2026-03-04,02:33:56 PM,101,171,8.839514372876131,2.4210526315789473
2026-03-04,02:33:57 PM,102,172,8.827110242856381,2.383720930232558
2026-03-04,02:33:58 PM,103,173,8.818499697518366,2.2947976878612715
2026-03-04,02:33:59 PM,104,174,8.580990824637176,2.4080459770114944
2026-03-04,02:34:00 PM,105,174,8.779658816024703,2.454022988505747
2026-03-04,02:34:01 PM,106,174,8.861766496451478,2.5689655172413794
2026-03-04,02:34:02 PM,107,176,8.846944488713026,2.602272727272727
2026-03-04,02:34:03 PM,108,178,8.787743168816684,2.730337078651685
2026-03-04,02:34:04 PM,109,178,8.978114329696407,2.7752808988764044
2026-03-04,02:34:05 PM,110,179,8.930541180773568,2.7709497206703912
2026-03-04,02:34:06 PM,111,180,8.983551672687987,2.888888888888889
2026-03-04,02:34:07 PM,112,181,9.031117572442367,3.088397790055249
2026-03-04,02:34:08 PM,113,181,8.985970207533772,3.2154696132596685
2026-03-04,02:34:09 PM,114,181,8.725831715946628,3.386740331491713
2026-03-04,02:34:10 PM,115,183,8.602669698788496,3.540983606557377
2026-03-04,02:34:11 PM,116,184,8.684012468612787,3.6684782608695654
2026-03-04,02:34:12 PM,117,186,8.740123673943998,3.8548387096774195
2026-03-04,02:34:13 PM,118,188,8.732725520519924,3.9680851063829787
2026-03-04,02:34:14 PM,119,188,8.788473666610134,4.1861702127659575
2026-03-04,02:34:15 PM,120,188,8.731509065754,4.446808510638298
2026-03-04,02:34:16 PM,121,191,8.877131387760198,4.43455497382199
2026-03-04,02:34:17 PM,122,193,8.95628854432544,4.466321243523316
2026-03-04,02:34:18 PM,123,193,8.754158906125683,4.5595854922279795
2026-03-04,02:34:19 PM,124,193,8.509241803589015,4.772020725388601
2026-03-04,02:34:20 PM,125,195,8.372633837700942,4.717948717948718
2026-03-04,02:34:21 PM,126,195,8.218503267504992,4.7384615384615385
2026-03-04,02:34:22 PM,127,194,8.257222043599585,4.829896907216495
2026-03-04,02:34:23 PM,128,197,8.277900469758574,4.746192893401015
2026-03-04,02:34:24 PM,129,198,8.341068608148984,4.863636363636363
2026-03-04,02:34:25 PM,130,199,8.33821768517422,4.944723618090452
2026-03-04,02:34:26 PM,131,200,8.534184265171604,5.05
2026-03-04,02:34:27 PM,132,199,8.919003221080692,4.954773869346734
2026-03-04,02:34:28 PM,133,199,8.92915529016578,4.889447236180905
2026-03-04,02:34:29 PM,134,200,9.001656040944063,4.685
2026-03-04,02:34:30 PM,135,202,9.09313451102247,4.475247524752476
2026-03-04,02:34:31 PM,136,203,9.024956354190222,4.517241379310345
2026-03-04,02:34:32 PM,137,201,8.73838026511253,4.656716417910448
2026-03-04,02:34:33 PM,138,200,8.634437164460923,4.845
2026-03-04,02:34:34 PM,139,199,8.45960302031531,4.909547738693467
2026-03-04,02:34:35 PM,140,202,8.299081433047208,4.99009900990099
2026-03-04,02:34:36 PM,141,202,8.404403662957003,5.108910891089109
2026-03-04,02:34:37 PM,142,203,8.48002708575375,5.280788177339901
2026-03-04,02:34:38 PM,143,205,8.531347336970217,5.365853658536586
2026-03-04,02:34:39 PM,144,208,8.50409081976561,5.490384615384615
2026-03-04,02:34:40 PM,145,207,8.735772572213083,5.705314009661835
2026-03-04,02:34:41 PM,146,207,8.973074846456784,5.9227053140096615
2026-03-04,02:34:42 PM,147,210,9.009046800893515,5.761904761904762
2026-03-04,02:34:43 PM,148,212,9.222437362514913,5.679245283018868
2026-03-04,02:34:44 PM,149,214,9.341992570951847,5.836448598130841
2026-03-04,02:34:45 PM,150,216,9.48328413420064,6.0
2026-03-04,02:34:46 PM,151,216,9.483171589594635,6.212962962962963
2026-03-04,02:34:47 PM,152,217,9.531554941031935,5.847926267281106
2026-03-04,02:34:48 PM,153,218,9.72223790875809,5.440366972477064
2026-03-04,02:34:49 PM,154,218,9.662024563586055,5.064220183486238
2026-03-04,02:34:50 PM,155,216,9.600865221091395,4.805555555555555
2026-03-04,02:34:51 PM,156,216,9.543464725050798,4.49537037037037
2026-03-04,02:34:52 PM,157,216,9.330706906338706,4.569444444444445
2026-03-04,02:34:53 PM,158,216,9.294899145750739,4.476851851851852
2026-03-04,02:34:54 PM,159,217,9.279528018480327,4.387096774193548
2026-03-04,02:34:55 PM,160,217,9.267215424482817,4.317972350230415
2026-03-04,02:34:56 PM,161,218,9.348992505389656,4.243119266055046
2026-03-04,02:34:57 PM,162,220,9.430998202128569,4.154545454545454
2026-03-04,02:34:58 PM,163,221,9.383604825889938,4.167420814479638
2026-03-04,02:34:59 PM,164,221,9.449380341916264,4.285067873303167
2026-03-04,02:35:00 PM,165,222,9.558211315042893,4.157657657657658
2026-03-04,02:35:01 PM,166,223,9.540441320744339,4.300448430493273
2026-03-04,02:35:02 PM,167,225,9.535441288009425,4.431111111111111
2026-03-04,02:35:03 PM,168,225,9.373225521293302,4.626666666666667
2026-03-04,02:35:04 PM,169,225,9.117556606631666,4.835555555555556
2026-03-04,02:35:05 PM,170,226,8.998965821830842,5.008849557522124
2026-03-04,02:35:06 PM,171,229,8.978009178343655,5.096069868995633
2026-03-04,02:35:07 PM,172,230,8.922756108410564,5.195652173913044
2026-03-04,02:35:08 PM,173,231,8.959116674049016,5.190476190476191
2026-03-04,02:35:09 PM,174,232,8.981287684243282,5.293103448275862
2026-03-04,02:35:10 PM,175,234,8.80978111446577,5.405982905982906
2026-03-04,02:35:11 PM,176,236,8.621751950119519,5.3474576271186445
2026-03-04,02:35:12 PM,177,234,8.45499459010937,5.329059829059829
2026-03-04,02:35:13 PM,178,235,8.477763542752122,5.463829787234043
2026-03-04,02:35:14 PM,179,237,8.463694330030894,5.59915611814346
2026-03-04,02:35:15 PM,180,237,8.420645499252366,5.7974683544303796
2026-03-04,02:35:16 PM,181,236,8.414676046690074,6.067796610169491
2026-03-04,02:35:17 PM,182,236,8.473122662241545,6.326271186440678
2026-03-04,02:35:18 PM,183,237,8.586679495854282,6.527426160337553
2026-03-04,02:35:19 PM,184,239,8.490928763076774,6.635983263598327
2026-03-04,02:35:20 PM,185,240,8.499284283546146,6.7875
2026-03-04,02:35:21 PM,186,242,8.380106098540125,7.0041322314049586
2026-03-04,02:35:22 PM,187,242,8.237885595888713,7.301652892561983
2026-03-04,02:35:23 PM,188,243,8.046835101128766,7.576131687242798
2026-03-04,02:35:24 PM,189,244,7.877002453072952,7.790983606557377
2026-03-04,02:35:25 PM,190,243,7.8084056403607915,8.078189300411523
2026-03-04,02:35:26 PM,191,243,7.922700135076231,7.790123456790123
2026-03-04,02:35:27 PM,192,245,8.06585786448034,7.8
2026-03-04,02:35:28 PM,193,246,8.29930412145989,7.8861788617886175
2026-03-04,02:35:29 PM,194,245,8.626222330599086,8.053061224489795
2026-03-04,02:35:30 PM,195,243,8.724622988698075,8.308641975308642
2026-03-04,02:35:31 PM,196,246,8.677508620291064,8.43089430894309
2026-03-04,02:35:32 PM,197,245,8.48038854408023,8.342857142857143
2026-03-04,02:35:33 PM,198,246,8.270663124233698,8.24390243902439
2026-03-04,02:35:34 PM,199,246,7.977373029681572,8.28048780487805
2026-03-04,02:35:35 PM,200,246,7.880498867344442,8.459349593495935
2026-03-04,02:35:36 PM,201,244,7.6243390465884895,8.69672131147541
2026-03-04,02:35:37 PM,202,246,7.686575774749586,8.84959349593496
2026-03-04,02:35:38 PM,203,246,7.819505771795994,9.166666666666666
2026-03-04,02:35:39 PM,204,248,7.905227975529096,9.318548387096774
2026-03-04,02:35:40 PM,205,248,7.923666415803312,9.637096774193548
2026-03-04,02:35:41 PM,206,248,7.86824590318565,9.935483870967742
2026-03-04,02:35:42 PM,207,246,7.758326012788417,10.378048780487806
2026-03-04,02:35:43 PM,208,245,7.84170540010676,10.730612244897959
2026-03-04,02:35:44 PM,209,246,7.749925395551957,11.016260162601625
2026-03-04,02:35:45 PM,210,246,7.68315913664264,11.296747967479675
2026-03-04,02:35:46 PM,211,244,7.5506449560236515,11.639344262295081
2026-03-04,02:35:47 PM,212,245,7.641024187002696,11.959183673469388
2026-03-04,02:35:48 PM,213,247,7.585000734619588,12.182186234817813
2026-03-04,02:35:49 PM,214,248,7.499952073615921,12.056451612903226
2026-03-04,02:35:50 PM,215,250,7.4548576233799855,11.796
2026-03-04,02:35:51 PM,216,251,7.487576194706154,11.43824701195219
2026-03-04,02:35:52 PM,217,250,7.372415697945193,11.356
2026-03-04,02:35:53 PM,218,248,7.345600877013142,11.35483870967742
2026-03-04,02:35:54 PM,219,245,7.290280269856861,11.579591836734695
2026-03-04,02:35:55 PM,220,245,7.138977950481549,11.53061224489796
2026-03-04,02:35:56 PM,221,247,7.17564189018098,11.376518218623481
2026-03-04,02:35:57 PM,222,248,7.172724804047639,11.455645161290322
2026-03-04,02:35:58 PM,223,250,7.175423715091412,11.544
2026-03-04,02:35:59 PM,224,251,7.099866382451383,11.685258964143426
2026-03-04,02:36:00 PM,225,252,7.1361283267546645,11.86111111111111
2026-03-04,02:36:01 PM,226,252,7.026249463997406,12.19047619047619
2026-03-04,02:36:02 PM,227,253,7.088052162900316,12.4901185770751
2026-03-04,02:36:03 PM,228,252,7.148800496446616,12.873015873015873
2026-03-04,02:36:04 PM,229,252,7.140133374096287,13.226190476190476
2026-03-04,02:36:05 PM,230,251,7.036145811924464,13.641434262948207
2026-03-04,02:36:06 PM,231,251,7.007659954292411,13.864541832669323
2026-03-04,02:36:07 PM,232,251,6.944468077764573,14.211155378486056
2026-03-04,02:36:08 PM,233,252,6.956764903206712,14.48015873015873
2026-03-04,02:36:09 PM,234,254,7.008165891879606,14.728346456692913
2026-03-04,02:36:10 PM,235,254,7.087390396002118,14.968503937007874
2026-03-04,02:36:11 PM,236,256,7.141576338927296,14.7734375
2026-03-04,02:36:12 PM,237,257,7.20966025602943,14.906614785992218
2026-03-04,02:36:13 PM,238,257,6.995697799853217,15.171206225680933
2026-03-04,02:36:14 PM,239,258,7.04988976206794,15.286821705426357
2026-03-04,02:36:15 PM,240,259,6.985588428955095,15.451737451737452
2026-03-04,02:36:16 PM,241,256,6.954401458848258,15.8046875
2026-03-04,02:36:17 PM,242,255,6.900599944955884,16.058823529411764
2026-03-04,02:36:18 PM,243,255,7.10518235911654,16.254901960784313
2026-03-04,02:36:19 PM,244,257,7.254521012687657,16.474708171206224
2026-03-04,02:36:20 PM,245,256,7.170577709042715,16.83203125
2026-03-04,02:36:21 PM,246,257,6.914046574720417,17.1284046692607
2026-03-04,02:36:22 PM,247,257,6.784196412632624,17.490272373540854
2026-03-04,02:36:23 PM,248,259,6.754734487457851,17.745173745173744
2026-03-04,02:36:24 PM,249,258,6.630354198010304,18.205426356589147
2026-03-04,02:36:25 PM,250,259,6.725280579915263,18.54054054054054
2026-03-04,02:36:26 PM,251,261,6.802600199484156,18.81992337164751
2026-03-04,02:36:27 PM,252,261,6.713210363313363,19.17241379310345
2026-03-04,02:36:28 PM,253,261,6.5663563836592225,19.386973180076627
2026-03-04,02:36:29 PM,254,264,6.543690320005472,19.265151515151516
2026-03-04,02:36:30 PM,255,264,6.637868081226003,19.598484848484848
2026-03-04,02:36:31 PM,256,265,6.666111187343627,19.38490566037736
2026-03-04,02:36:32 PM,257,266,6.54687538852675,19.203007518796994
2026-03-04,02:36:33 PM,258,266,6.4022035309713825,19.033834586466167
2026-03-04,02:36:34 PM,259,267,6.3751414766075145,19.00374531835206
2026-03-04,02:36:35 PM,260,269,6.344972084122756,18.810408921933085
2026-03-04,02:36:36 PM,261,270,6.377032776426313,18.651851851851852
2026-03-04,02:36:37 PM,262,272,6.405283357869731,18.466911764705884
2026-03-04,02:36:38 PM,263,270,6.3943990219712585,18.24074074074074
2026-03-04,02:36:39 PM,264,266,6.188341514096039,18.127819548872182
2026-03-04,02:36:40 PM,265,267,6.047912259124443,18.43820224719101
2026-03-04,02:36:41 PM,266,268,6.030167891315851,18.667910447761194
2026-03-04,02:36:42 PM,267,268,6.005607639640332,19.01865671641791
2026-03-04,02:36:43 PM,268,269,6.088677411576829,19.33828996282528
2026-03-04,02:36:44 PM,269,268,6.087809261284903,19.791044776119403
2026-03-04,02:36:45 PM,270,269,6.192987961353179,19.79553903345725
2026-03-04,02:36:46 PM,271,270,6.194621324987946,19.955555555555556
2026-03-04,02:36:47 PM,272,271,6.219564118122541,20.14760147601476
2026-03-04,02:36:48 PM,273,271,6.25318191597306,20.457564575645755
2026-03-04,02:36:49 PM,274,273,6.365281951342145,20.61904761904762
2026-03-04,02:36:50 PM,275,275,6.359514937478019,20.8
2026-03-04,02:36:51 PM,276,276,6.532224540062989,20.83695652173913
2026-03-04,02:36:52 PM,277,276,6.552453386209683,21.094202898550726
2026-03-04,02:36:53 PM,278,277,6.4760562490138005,21.303249097472925
2026-03-04,02:36:54 PM,279,278,6.473803493130183,21.42086330935252
2026-03-04,02:36:55 PM,280,278,6.593188252695249,21.640287769784173
2026-03-04,02:36:56 PM,281,279,6.593698195557849,21.57347670250896
2026-03-04,02:36:57 PM,282,280,6.532952064754945,21.42142857142857
2026-03-04,02:36:58 PM,283,280,6.440932010218124,21.442857142857143
2026-03-04,02:36:59 PM,284,282,6.3115036126089255,21.390070921985817
2026-03-04,02:37:00 PM,285,283,6.262131996513458,21.66077738515901
2026-03-04,02:37:01 PM,286,285,6.2592052601118295,21.775438596491227
2026-03-04,02:37:02 PM,287,284,6.1138122839489055,22.158450704225352
2026-03-04,02:37:03 PM,288,285,6.109323051155823,22.410526315789475
2026-03-04,02:37:04 PM,289,285,6.194115711243884,22.691228070175438
2026-03-04,02:37:05 PM,290,285,6.066604506235338,22.919298245614034
2026-03-04,02:37:06 PM,291,287,6.012582984427107,22.71080139372822
2026-03-04,02:37:07 PM,292,288,5.977485163665666,22.836805555555557
2026-03-04,02:37:08 PM,293,287,5.907454033874943,23.198606271777003
2026-03-04,02:37:09 PM,294,288,5.917343379437062,23.46527777777778
2026-03-04,02:37:10 PM,295,291,6.12492283945852,23.61512027491409
2026-03-04,02:37:11 PM,296,292,6.220424232267199,23.934931506849313
2026-03-04,02:37:12 PM,297,294,6.38163261000605,24.18027210884354
2026-03-04,02:37:13 PM,298,296,6.463407801388345,24.43918918918919
2026-03-04,02:37:14 PM,299,294,6.3877825434643025,25.051020408163264
2026-03-04,02:37:15 PM,300,297,6.313789934283555,25.235690235690235
2026-03-04,02:37:16 PM,301,296,6.2384197620802135,25.780405405405407
2026-03-04,02:37:17 PM,302,296,6.219622125528002,26.158783783783782
2026-03-04,02:37:18 PM,303,296,6.213312538413478,26.56081081081081
2026-03-04,02:37:19 PM,304,297,6.24368638331655,26.824915824915823
2026-03-04,02:37:20 PM,305,298,6.1824490913357995,27.093959731543624
2026-03-04,02:37:21 PM,306,298,6.113206823462415,27.536912751677853
2026-03-04,02:37:22 PM,307,300,6.090053570574895,27.82
2026-03-04,02:37:23 PM,308,302,6.095092938785733,28.112582781456954
2026-03-04,02:37:24 PM,309,302,6.066073839730599,28.344370860927153
2026-03-04,02:37:25 PM,310,304,5.9878364803841215,28.62828947368421
2026-03-04,02:37:26 PM,311,302,5.804777037356849,29.23841059602649
2026-03-04,02:37:27 PM,312,304,5.635761562950262,29.476973684210527
2026-03-04,02:37:28 PM,313,306,5.509779042004263,29.73856209150327
2026-03-04,02:37:29 PM,314,307,5.392405584375936,30.08469055374593
2026-03-04,02:37:30 PM,315,308,5.353822751084606,30.477272727272727
2026-03-04,02:37:31 PM,316,309,5.272367716252461,30.857605177993527
2026-03-04,02:37:32 PM,317,310,5.271806723131243,31.22258064516129
2026-03-04,02:37:33 PM,318,312,5.316908991096913,31.48076923076923
2026-03-04,02:37:34 PM,319,312,5.3096707587361545,31.971153846153847
2026-03-04,02:37:35 PM,320,314,5.4645929066405285,32.20700636942675
2026-03-04,02:37:36 PM,321,316,5.461026504824015,32.50316455696203
2026-03-04,02:37:37 PM,322,318,5.458626654538353,32.795597484276726
2026-03-04,02:37:38 PM,323,320,5.43380532160408,33.10625
2026-03-04,02:37:39 PM,324,318,5.377929964178811,33.83647798742138
2026-03-04,02:37:40 PM,325,317,5.282762359908184,34.46687697160883
2026-03-04,02:37:41 PM,326,318,5.158418393734981,34.855345911949684
2026-03-04,02:37:42 PM,327,318,5.131746713126314,35.31761006289308
2026-03-04,02:37:43 PM,328,321,5.051962689941224,35.52336448598131
2026-03-04,02:37:44 PM,329,323,5.060027516318779,35.73374613003096
2026-03-04,02:37:45 PM,330,324,4.985932222210313,36.18518518518518
2026-03-04,02:37:46 PM,331,325,4.989485830746829,36.62769230769231
2026-03-04,02:37:47 PM,332,324,4.954596405455425,37.138888888888886
2026-03-04,02:37:48 PM,333,324,4.880635890104829,37.638888888888886
2026-03-04,02:37:49 PM,334,325,4.776172076079786,38.07692307692308
2026-03-04,02:37:50 PM,335,325,4.749100360815114,38.64
2026-03-04,02:37:51 PM,336,326,4.718764551844897,39.09509202453988
2026-03-04,02:37:52 PM,337,326,4.815989444373835,39.67791411042945
2026-03-04,02:37:53 PM,338,327,4.88002398137075,40.14678899082569
2026-03-04,02:37:54 PM,339,330,4.812551527994223,40.336363636363636
2026-03-04,02:37:55 PM,340,331,4.762598888366712,40.76737160120846
2026-03-04,02:37:56 PM,341,331,4.603182036882158,41.329305135951664
2026-03-04,02:37:57 PM,342,332,4.557970594376673,41.765060240963855
2026-03-04,02:37:58 PM,343,333,4.572296801076692,42.213213213213216
2026-03-04,02:37:59 PM,344,333,4.545904473687907,42.6006006006006
2026-03-04,02:38:00 PM,345,331,4.4987561196884664,43.30211480362538
2026-03-04,02:38:01 PM,346,332,4.336603636621355,43.68674698795181
2026-03-04,02:38:02 PM,347,333,4.292282538821159,44.07507507507508
2026-03-04,02:38:03 PM,348,334,4.365902725783244,44.49700598802395
2026-03-04,02:38:04 PM,349,334,4.399851833316411,45.0059880239521
2026-03-04,02:38:05 PM,350,333,4.380828000566976,45.64264264264264
2026-03-04,02:38:06 PM,351,334,4.260720572405667,46.00898203592814
2026-03-04,02:38:07 PM,352,336,4.183615614141684,46.32142857142857
2026-03-04,02:38:08 PM,353,337,4.146782213583132,46.6053412462908
2026-03-04,02:38:09 PM,354,339,4.045764245599458,46.75221238938053
2026-03-04,02:38:10 PM,355,340,4.143756527330081,47.15882352941176
2026-03-04,02:38:11 PM,356,340,4.156251692991401,47.752941176470586
2026-03-04,02:38:12 PM,357,342,4.132701722666339,48.07309941520468
2026-03-04,02:38:13 PM,358,343,4.2327165272694645,48.518950437317784
2026-03-04,02:38:14 PM,359,345,4.270236050805689,48.75072463768116
2026-03-04,02:38:15 PM,360,345,4.365444130003492,49.21159420289855
2026-03-04,02:38:16 PM,361,345,4.560608747461722,49.80579710144927
2026-03-04,02:38:17 PM,362,344,4.724182901038502,50.54651162790697
2026-03-04,02:38:18 PM,363,346,4.761092828600128,50.858381502890175
2026-03-04,02:38:19 PM,364,350,4.746393618367799,50.885714285714286
2026-03-04,02:38:20 PM,365,350,4.695129463925636,51.488571428571426
2026-03-04,02:38:21 PM,366,351,4.704592285266518,51.95156695156695
2026-03-04,02:38:22 PM,367,353,4.772439822649282,52.21529745042493
2026-03-04,02:38:23 PM,368,354,4.650548030095315,52.57909604519774
2026-03-04,02:38:24 PM,369,355,4.5744291202713345,53.030985915492955
2026-03-04,02:38:25 PM,370,356,4.49630610115701,53.45224719101124
2026-03-04,02:38:26 PM,371,356,4.555521606581786,53.199438202247194
2026-03-04,02:38:27 PM,372,358,4.627112566943438,52.75139664804469
2026-03-04,02:38:28 PM,373,360,4.657762611219595,52.016666666666666
2026-03-04,02:38:29 PM,374,362,4.617818139313072,52.17403314917127
2026-03-04,02:38:30 PM,375,361,4.494522164862092,52.908587257617725
2026-03-04,02:38:31 PM,376,360,4.245147852186288,53.669444444444444
2026-03-04,02:38:32 PM,377,362,4.157661461954951,53.988950276243095
2026-03-04,02:38:33 PM,378,362,4.098652476877542,54.58563535911602
2026-03-04,02:38:34 PM,379,363,4.093640158150741,55.03856749311295
2026-03-04,02:38:35 PM,380,364,4.129576556865939,54.92857142857143
2026-03-04,02:38:36 PM,381,365,4.1677073297915985,54.8986301369863
2026-03-04,02:38:37 PM,382,366,4.163039379281867,54.887978142076506
2026-03-04,02:38:38 PM,383,366,4.102369458469655,55.0792349726776
2026-03-04,02:38:39 PM,384,367,4.070327417838433,54.94277929155314
2026-03-04,02:38:40 PM,385,368,4.14435580149605,54.88858695652174
2026-03-04,02:38:41 PM,386,369,4.206429946372518,55.19512195121951
2026-03-04,02:38:42 PM,387,371,4.286547761350624,55.285714285714285
2026-03-04,02:38:43 PM,388,372,4.36464212603137,55.73924731182796
2026-03-04,02:38:44 PM,389,372,4.382949159385788,56.344086021505376
2026-03-04,02:38:45 PM,390,373,4.428680588044044,56.806970509383376
2026-03-04,02:38:46 PM,391,375,4.415238754496971,57.08266666666667
2026-03-04,02:38:47 PM,392,377,4.38012189660071,57.37135278514589
2026-03-04,02:38:48 PM,393,377,4.292562897989284,57.98143236074271
2026-03-04,02:38:49 PM,394,378,4.206459442430989,58.44973544973545
2026-03-04,02:38:50 PM,395,380,4.190353611170058,58.76578947368421
2026-03-04,02:38:51 PM,396,381,4.127402425919042,59.2257217847769
2026-03-04,02:38:52 PM,397,380,4.051030625734503,59.997368421052634
2026-03-04,02:38:53 PM,398,381,4.002149706385057,60.44619422572178
2026-03-04,02:38:54 PM,399,384,4.066142643132371,60.434895833333336
2026-03-04,02:38:55 PM,400,385,4.13156859622201,60.896103896103895
2026-03-04,02:38:56 PM,401,386,4.16199378733465,61.365284974093264
2026-03-04,02:38:57 PM,402,386,4.238772792592612,61.99222797927461
2026-03-04,02:38:58 PM,403,386,4.186572214696887,62.626943005181346
2026-03-04,02:38:59 PM,404,384,4.180921444822538,63.580729166666664
2026-03-04,02:39:00 PM,405,384,4.037112758891779,64.20572916666667
2026-03-04,02:39:01 PM,406,384,3.99897805844352,64.78645833333333
2026-03-04,02:39:02 PM,407,384,3.872327465557683,65.40364583333333
2026-03-04,02:39:03 PM,408,383,3.8017994873357157,66.2219321148825
2026-03-04,02:39:04 PM,409,385,3.8311498421872683,66.50649350649351
2026-03-04,02:39:05 PM,410,385,3.7591726734130835,67.16103896103895
2026-03-04,02:39:06 PM,411,383,3.6945894733544176,67.90078328981723
2026-03-04,02:39:07 PM,412,384,3.7174139701331796,68.29166666666667
2026-03-04,02:39:08 PM,413,382,3.6316240204207433,69.03403141361257
2026-03-04,02:39:09 PM,414,383,3.6809926508875908,69.25065274151436
2026-03-04,02:39:10 PM,415,382,3.6216131410379813,69.90314136125654
2026-03-04,02:39:11 PM,416,383,3.610298064262087,70.26370757180156
2026-03-04,02:39:12 PM,417,383,3.632016887797817,70.84595300261097
2026-03-04,02:39:13 PM,418,384,3.6589403044494215,71.30208333333333
2026-03-04,02:39:14 PM,419,386,3.6652373365380475,71.58031088082902
2026-03-04,02:39:15 PM,420,387,3.745347029801003,72.05167958656331
2026-03-04,02:39:16 PM,421,387,3.7722385274721897,72.68475452196382
2026-03-04,02:39:17 PM,422,388,3.7807225012553656,73.15979381443299
2026-03-04,02:39:18 PM,423,388,3.7220579563626393,73.80670103092784
2026-03-04,02:39:19 PM,424,389,3.675951659794891,74.2082262210797
2026-03-04,02:39:20 PM,425,390,3.6459379009919495,74.67435897435898
2026-03-04,02:39:21 PM,426,392,3.6780286577312,74.9438775510204
2026-03-04,02:39:22 PM,427,394,3.743068529120954,75.21573604060913
2026-03-04,02:39:23 PM,428,396,3.821506528240496,75.48484848484848
2026-03-04,02:39:24 PM,429,395,3.7943418997860485,76.32911392405063
2026-03-04,02:39:25 PM,430,394,3.7599041753749987,77.17766497461929
2026-03-04,02:39:26 PM,431,395,3.7170745428413507,77.64050632911392
2026-03-04,02:39:27 PM,432,395,3.703599395213532,78.2987341772152
2026-03-04,02:39:28 PM,433,397,3.704744322980888,78.56926952141058
2026-03-04,02:39:29 PM,434,397,3.5408530330659396,79.23929471032746
2026-03-04,02:39:30 PM,435,399,3.5142798515401577,79.5062656641604
2026-03-04,02:39:31 PM,436,400,3.503517444191898,79.965
2026-03-04,02:39:32 PM,437,402,3.5441430830365155,80.2412935323383
2026-03-04,02:39:33 PM,438,402,3.6097900633829862,80.91791044776119
2026-03-04,02:39:34 PM,439,403,3.691077337645626,81.3970223325062
2026-03-04,02:39:35 PM,440,402,3.6715401698780266,82.26616915422886
2026-03-04,02:39:36 PM,441,403,3.7129276021976194,82.73697270471465
2026-03-04,02:39:37 PM,442,403,3.7793725327665872,82.66997518610422
2026-03-04,02:39:38 PM,443,404,3.775944981290049,82.39603960396039
2026-03-04,02:39:39 PM,444,406,3.7763705465511594,82.49014778325123
2026-03-04,02:39:40 PM,445,407,3.712848556889514,82.8034398034398
2026-03-04,02:39:41 PM,446,408,3.651150153117647,83.11274509803921
2026-03-04,02:39:42 PM,447,409,3.598687113825717,83.41809290953545
2026-03-04,02:39:43 PM,448,409,3.638126913721206,83.93398533007336
2026-03-04,02:39:44 PM,449,411,3.6674539106804374,83.85401459854015
2026-03-04,02:39:45 PM,450,413,3.7316192024931074,83.84503631961259
2026-03-04,02:39:46 PM,451,412,3.734503987408379,83.90776699029126
2026-03-04,02:39:47 PM,452,414,3.8042643035905943,83.31884057971014
2026-03-04,02:39:48 PM,453,415,3.787275917084372,82.92530120481928
2026-03-04,02:39:49 PM,454,415,3.7316319172385715,82.82409638554216
2026-03-04,02:39:50 PM,455,415,3.581428192951075,82.78795180722892
2026-03-04,02:39:51 PM,456,416,3.48837248636914,82.66346153846153
2026-03-04,02:39:52 PM,457,419,3.5626985639909736,81.31742243436754
2026-03-04,02:39:53 PM,458,420,3.6479336087890775,80.39047619047619
2026-03-04,02:39:54 PM,459,423,3.679838400097431,79.44444444444444
2026-03-04,02:39:55 PM,460,425,3.7671934353999394,77.88705882352942
2026-03-04,02:39:56 PM,461,426,3.8634701009970964,77.28638497652582
2026-03-04,02:39:57 PM,462,429,3.920666506469256,76.42424242424242
2026-03-04,02:39:58 PM,463,430,4.001492921266732,75.83953488372093
2026-03-04,02:39:59 PM,464,432,4.0564510873265025,75.21296296296296
2026-03-04,02:40:00 PM,465,434,4.045021728075851,74.62442396313364
2026-03-04,02:40:01 PM,466,434,4.011798180020022,74.88248847926268
2026-03-04,02:40:02 PM,467,434,3.9473498822165642,75.10138248847926
2026-03-04,02:40:03 PM,468,434,3.9648535632350064,75.33179723502305
2026-03-04,02:40:04 PM,469,434,3.943815197533957,75.55990783410138
2026-03-04,02:40:05 PM,470,435,4.039566221254145,75.6
2026-03-04,02:40:06 PM,471,435,4.1043615198662025,75.4183908045977
2026-03-04,02:40:07 PM,472,436,4.151269978444637,74.73394495412845
2026-03-04,02:40:08 PM,473,438,4.083380645923063,73.95205479452055
2026-03-04,02:40:09 PM,474,440,4.076407438295532,73.17954545454545
2026-03-04,02:40:10 PM,475,442,4.1467866494035155,72.08371040723982
2026-03-04,02:40:11 PM,476,440,4.087276364049173,70.81363636363636
2026-03-04,02:40:12 PM,477,442,4.0185677096076695,69.07918552036199
2026-03-04,02:40:13 PM,478,444,4.0370367285794435,67.45495495495496
2026-03-04,02:40:14 PM,479,444,4.017779324652643,65.84684684684684
2026-03-04,02:40:15 PM,480,444,4.070938537991632,65.46846846846847
2026-03-04,02:40:16 PM,481,445,4.095783176409127,64.6067415730337
2026-03-04,02:40:17 PM,482,447,4.197491610268529,64.18120805369128
2026-03-04,02:40:18 PM,483,450,4.2029386249665395,63.56
2026-03-04,02:40:19 PM,484,451,4.157947962479061,63.40133037694013
2026-03-04,02:40:20 PM,485,453,4.185730043505431,63.27814569536424
2026-03-04,02:40:21 PM,486,455,4.14993917720358,63.597802197802196
2026-03-04,02:40:22 PM,487,455,4.126677726699937,64.18241758241759
2026-03-04,02:40:23 PM,488,457,4.068083448951611,64.21663019693655
2026-03-04,02:40:24 PM,489,457,3.952223822440794,64.70240700218818
2026-03-04,02:40:25 PM,490,458,3.9833992834992404,65.12445414847161
2026-03-04,02:40:26 PM,491,458,3.955999560909209,65.06768558951966
2026-03-04,02:40:27 PM,492,459,3.9259310578159807,64.89324618736383
2026-03-04,02:40:28 PM,493,461,3.9025461262653827,64.6182212581345
2026-03-04,02:40:29 PM,494,463,3.838951638203831,64.35637149028078
2026-03-04,02:40:30 PM,495,465,3.8570939168810034,64.18709677419355
2026-03-04,02:40:31 PM,496,463,3.7956013484294426,64.93736501079914
2026-03-04,02:40:32 PM,497,465,3.817098747783184,65.2258064516129
2026-03-04,02:40:33 PM,498,465,3.789069331647897,65.79139784946237
2026-03-04,02:40:34 PM,499,464,3.7574217990135144,66.5603448275862
2026-03-04,02:40:35 PM,500,464,3.756926606806441,67.16379310344827
2026-03-04,02:40:36 PM,501,466,3.746328805796659,67.45064377682404
2026-03-04,02:40:37 PM,502,467,3.7642802831508697,67.95717344753747
2026-03-04,02:40:38 PM,503,468,3.84591181488114,68.43162393162393
2026-03-04,02:40:39 PM,504,467,3.8861854527294266,69.09850107066381
2026-03-04,02:40:40 PM,505,467,3.9675245866838473,69.71520342612419
2026-03-04,02:40:41 PM,506,470,4.038240712243154,69.88085106382978
2026-03-04,02:40:42 PM,507,468,3.987276383878049,70.82478632478633
2026-03-04,02:40:43 PM,508,469,3.9818391638376593,71.31130063965885
2026-03-04,02:40:44 PM,509,471,3.9158336100344333,71.59023354564756
2026-03-04,02:40:45 PM,510,472,3.9211961603214514,72.08898305084746
2026-03-04,02:40:46 PM,511,474,3.9811051946102936,72.26582278481013
2026-03-04,02:40:47 PM,512,476,4.036921774954802,72.53151260504201
2026-03-04,02:40:48 PM,513,479,4.090416351252319,72.64718162839249
2026-03-04,02:40:49 PM,514,480,4.152463042291665,73.07083333333334
2026-03-04,02:40:50 PM,515,481,4.131256373284272,73.51767151767152
2026-03-04,02:40:51 PM,516,483,4.033928551791239,73.6583850931677
2026-03-04,02:40:52 PM,517,484,3.9821364588064907,74.08264462809917
2026-03-04,02:40:53 PM,518,486,3.8918682973706185,74.26543209876543
2026-03-04,02:40:54 PM,519,488,3.7695310882228723,74.54303278688525
2026-03-04,02:40:55 PM,520,489,3.6777129221742832,75.00613496932516
2026-03-04,02:40:56 PM,521,487,3.615297277256717,75.91581108829568
2026-03-04,02:40:57 PM,522,487,3.697399149691769,75.9034907597536
2026-03-04,02:40:58 PM,523,490,3.775193422045637,75.47551020408163
2026-03-04,02:40:59 PM,524,492,3.82800831169387,75.2560975609756
2026-03-04,02:41:00 PM,525,495,3.8123175960364573,74.00404040404041
2026-03-04,02:41:01 PM,526,496,3.816179267403056,74.03225806451613
2026-03-04,02:41:02 PM,527,498,3.947743568922074,73.96787148594377
2026-03-04,02:41:03 PM,528,496,3.9743124498717064,74.51814516129032
2026-03-04,02:41:04 PM,529,495,4.003283148735833,74.84242424242424
2026-03-04,02:41:05 PM,530,497,4.086821084101058,74.47686116700201
2026-03-04,02:41:06 PM,531,499,4.0943305999561055,74.6312625250501
2026-03-04,02:41:07 PM,532,501,4.087044724904601,74.58283433133732
2026-03-04,02:41:08 PM,533,499,4.021428973169702,74.95390781563127
2026-03-04,02:41:09 PM,534,499,3.856933013176947,75.1002004008016
2026-03-04,02:41:10 PM,535,498,3.772000943757788,75.72088353413655
2026-03-04,02:41:11 PM,536,497,3.6670443626043974,76.5010060362173
2026-03-04,02:41:12 PM,537,498,3.5749567777611393,76.85341365461848
2026-03-04,02:41:13 PM,538,498,3.5013314511579554,76.94979919678715
2026-03-04,02:41:14 PM,539,498,3.471942940732471,77.56024096385542
2026-03-04,02:41:15 PM,540,496,3.440329187046264,78.46774193548387
2026-03-04,02:41:16 PM,541,497,3.4224836168641066,78.91146881287726
2026-03-04,02:41:17 PM,542,498,3.47438066226409,79.37751004016064
2026-03-04,02:41:18 PM,543,499,3.488130313047873,79.7314629258517
2026-03-04,02:41:19 PM,544,497,3.461652370860607,80.66398390342053
2026-03-04,02:41:20 PM,545,500,3.5119269841020335,80.814
2026-03-04,02:41:21 PM,546,502,3.5764741277315975,81.03386454183267
2026-03-04,02:41:22 PM,547,504,3.6699122039201404,81.33333333333333
2026-03-04,02:41:23 PM,548,504,3.7179066354865618,81.17857142857143
2026-03-04,02:41:24 PM,549,504,3.7887297011827994,81.54166666666667
2026-03-04,02:41:25 PM,550,507,3.833186157799987,81.6923076923077
2026-03-04,02:41:26 PM,551,507,3.849242996860179,82.35897435897436
2026-03-04,02:41:27 PM,552,506,3.8093080577842913,83.05533596837945
2026-03-04,02:41:28 PM,553,507,3.8191494998016267,82.89349112426035
2026-03-04,02:41:29 PM,554,508,3.7500966714196218,83.23622047244095
2026-03-04,02:41:30 PM,555,509,3.6146977058389536,83.67583497053045
2026-03-04,02:41:31 PM,556,510,3.5807169222035564,83.90196078431373
2026-03-04,02:41:32 PM,557,510,3.4763611322352226,84.29607843137255
2026-03-04,02:41:33 PM,558,510,3.425669801114039,84.22156862745098
2026-03-04,02:41:34 PM,559,512,3.42827150456961,83.337890625
2026-03-04,02:41:35 PM,560,514,3.4164361339916143,82.91050583657588
2026-03-04,02:41:36 PM,561,516,3.453920836419244,82.51356589147287
2026-03-04,02:41:37 PM,562,517,3.4709640820953926,82.37330754352031
2026-03-04,02:41:38 PM,563,519,3.5264108269070897,81.45664739884393
2026-03-04,02:41:39 PM,564,519,3.5619592625961225,80.60693641618496
2026-03-04,02:41:40 PM,565,519,3.6330883221262114,79.72447013487476
2026-03-04,02:41:41 PM,566,518,3.6479112750425164,79.02895752895753
2026-03-04,02:41:42 PM,567,522,3.6233646821613554,77.60344827586206
2026-03-04,02:41:43 PM,568,522,3.5623901369248387,77.06130268199233
2026-03-04,02:41:44 PM,569,526,3.5037115390445086,75.40494296577947
2026-03-04,02:41:45 PM,570,528,3.4590765243917105,72.875
2026-03-04,02:41:46 PM,571,529,3.439977739495273,70.67863894139886
2026-03-04,02:41:47 PM,572,531,3.3529189711892773,68.96421845574388
2026-03-04,02:41:48 PM,573,534,3.348289342789862,67.05805243445693
2026-03-04,02:41:49 PM,574,536,3.2981317571089273,67.42350746268657
2026-03-04,02:41:50 PM,575,535,3.27171253974763,66.93831775700934
2026-03-04,02:41:51 PM,576,536,3.253136045623584,67.2910447761194
2026-03-04,02:41:52 PM,577,538,3.2659024052581054,67.1263940520446
2026-03-04,02:41:53 PM,578,538,3.253978362904188,67.22490706319702
2026-03-04,02:41:54 PM,579,539,3.2773102846604854,66.71799628942486
2026-03-04,02:41:55 PM,580,542,3.353802361101035,65.80811808118081
2026-03-04,02:41:56 PM,581,539,3.2978373662237743,65.85714285714286
2026-03-04,02:41:57 PM,582,541,3.323140061223454,65.37707948243992
2026-03-04,02:41:58 PM,583,540,3.345872271142914,65.22592592592592
2026-03-04,02:41:59 PM,584,543,3.3716976656915354,64.84346224677716
2026-03-04,02:42:00 PM,585,544,3.371803560761036,64.72610294117646
2026-03-04,02:42:01 PM,586,544,3.36858108929007,63.89705882352941
2026-03-04,02:42:02 PM,587,545,3.2846474233704024,63.87522935779816
2026-03-04,02:42:03 PM,588,545,3.2448737088943465,63.50642201834862
2026-03-04,02:42:04 PM,589,546,3.248782097015869,63.09340659340659
2026-03-04,02:42:05 PM,590,546,3.344876145014396,62.88278388278388
2026-03-04,02:42:06 PM,591,545,3.2765558546763547,62.56697247706422
2026-03-04,02:42:07 PM,592,545,3.278616982353212,62.601834862385324
2026-03-04,02:42:08 PM,593,545,3.2577123212450667,62.69724770642202
2026-03-04,02:42:09 PM,594,545,3.1928088227259677,62.862385321100916
2026-03-04,02:42:10 PM,595,546,3.1671701508073165,62.33882783882784
2026-03-04,02:42:11 PM,596,546,3.1146706488193723,61.96336996336996
2026-03-04,02:42:12 PM,597,548,3.076123845752592,61.448905109489054
2026-03-04,02:42:13 PM,598,549,3.062843766687692,61.16575591985428
2026-03-04,02:42:14 PM,599,549,3.0527651321144953,60.68670309653916
2026-03-04,02:42:15 PM,600,550,3.043614399864979,60.86545454545455
2026-03-04,02:42:16 PM,601,551,2.917722012828774,60.970961887477316
2026-03-04,02:42:17 PM,602,551,2.8684670125532605,60.87658802177859
2026-03-04,02:42:18 PM,603,552,2.9122070583931423,61.32608695652174
2026-03-04,02:42:19 PM,604,553,2.929717782054762,61.5750452079566
2026-03-04,02:42:20 PM,605,552,2.940978804058264,61.86050724637681
2026-03-04,02:42:21 PM,606,553,2.926602986551174,62.13019891500904
2026-03-04,02:42:22 PM,607,556,3.0340288268831532,62.172661870503596
2026-03-04,02:42:23 PM,608,557,3.082859129663225,62.56912028725314
2026-03-04,02:42:24 PM,609,560,3.102693716442048,62.77142857142857
2026-03-04,02:42:25 PM,610,561,3.158754649851374,63.1729055258467
2026-03-04,02:42:26 PM,611,562,3.165221202701875,63.729537366548044
2026-03-04,02:42:27 PM,612,563,3.102707682732281,64.31616341030195
2026-03-04,02:42:28 PM,613,565,3.0067169229952593,64.78761061946902
2026-03-04,02:42:29 PM,614,567,2.8922082139279546,65.26807760141094
2026-03-04,02:42:30 PM,615,567,2.8029103939827915,65.9700176366843
2026-03-04,02:42:31 PM,616,570,2.731194964872471,66.2578947368421
2026-03-04,02:42:32 PM,617,572,2.7543101865644,66.68881118881119
2026-03-04,02:42:33 PM,618,574,2.7898827443638528,66.83449477351917
2026-03-04,02:42:34 PM,619,574,2.804218940732696,66.8170731707317
2026-03-04,02:42:35 PM,620,574,2.8031900199792896,66.03658536585365
2026-03-04,02:42:36 PM,621,574,2.818056765033021,65.47386759581882
2026-03-04,02:42:37 PM,622,577,2.8381658803994054,64.0953206239168
2026-03-04,02:42:38 PM,623,575,2.851659504424,63.18608695652174
2026-03-04,02:42:39 PM,624,576,2.7772239081140726,62.814236111111114
2026-03-04,02:42:40 PM,625,576,2.7392678453821238,62.64409722222222
2026-03-04,02:42:41 PM,626,576,2.7490616219438113,62.251736111111114
2026-03-04,02:42:42 PM,627,578,2.8350985050314375,61.3840830449827
2026-03-04,02:42:43 PM,628,578,2.8127350009890084,59.76297577854671
2026-03-04,02:42:44 PM,629,580,2.904257227695071,59.16206896551724
2026-03-04,02:42:45 PM,630,581,2.904372160042256,58.59036144578313
2026-03-04,02:42:46 PM,631,583,2.9179926519526247,57.77873070325901
2026-03-04,02:42:47 PM,632,584,2.9927985892870814,57.22260273972603
2026-03-04,02:42:48 PM,633,585,3.0459622683285974,56.603418803418805
2026-03-04,02:42:49 PM,634,586,3.0952492079901726,56.29863481228669
2026-03-04,02:42:50 PM,635,585,3.063898391310978,56.447863247863246
2026-03-04,02:42:51 PM,636,587,3.0728010576484404,56.63543441226576
2026-03-04,02:42:52 PM,637,588,3.062467995407369,56.92006802721088
2026-03-04,02:42:53 PM,638,590,3.036696199214876,57.222033898305085
2026-03-04,02:42:54 PM,639,592,3.0148116618849983,57.582770270270274
2026-03-04,02:42:55 PM,640,594,3.031998214616497,57.93939393939394
2026-03-04,02:42:56 PM,641,592,3.0719209837210233,58.826013513513516
2026-03-04,02:42:57 PM,642,593,3.1298245406268523,58.861720067453625
2026-03-04,02:42:58 PM,643,594,3.2385465396997963,59.23400673400673
2026-03-04,02:42:59 PM,644,594,3.3098752963765037,59.74747474747475
2026-03-04,02:43:00 PM,645,595,3.3108808179832123,60.156302521008406
2026-03-04,02:43:01 PM,646,595,3.2590809369067855,60.746218487394955
2026-03-04,02:43:02 PM,647,598,3.288306404870788,60.40468227424749
2026-03-04,02:43:03 PM,648,599,3.2332609104800376,60.39899833055092
2026-03-04,02:43:04 PM,649,600,3.230638311694724,60.388333333333335
2026-03-04,02:43:05 PM,650,601,3.2629118493712483,60.39933444259567
2026-03-04,02:43:06 PM,651,603,3.36904939286211,60.30514096185738
2026-03-04,02:43:07 PM,652,602,3.3768191522903384,60.490033222591364
2026-03-04,02:43:08 PM,653,602,3.3761850992982847,60.61461794019934
2026-03-04,02:43:09 PM,654,603,3.381454700665747,61.03648424543947
2026-03-04,02:43:10 PM,655,603,3.392206941434468,61.55555555555556
2026-03-04,02:43:11 PM,656,602,3.3717676168659048,62.1578073089701
2026-03-04,02:43:12 PM,657,603,3.375735829766743,62.56716417910448
2026-03-04,02:43:13 PM,658,605,3.346492119736243,62.93223140495868
2026-03-04,02:43:14 PM,659,607,3.3801944687485657,63.31301482701812
2026-03-04,02:43:15 PM,660,607,3.301999708137281,63.902800658978585
2026-03-04,02:43:16 PM,661,607,3.3246757404028275,64.46952224052718
2026-03-04,02:43:17 PM,662,609,3.3579682084578395,64.91133004926108
2026-03-04,02:43:18 PM,663,606,3.3051348550854827,65.82508250825083
2026-03-04,02:43:19 PM,664,607,3.2925829399050586,66.30148270181219
2026-03-04,02:43:20 PM,665,608,3.2695786611099824,66.31907894736842
2026-03-04,02:43:21 PM,666,608,3.233998398193491,66.66611842105263
2026-03-04,02:43:22 PM,667,610,3.2188729873744992,67.00983606557377
2026-03-04,02:43:23 PM,668,612,3.191089344124238,67.40196078431373
2026-03-04,02:43:24 PM,669,614,3.110219516923443,67.79478827361564
2026-03-04,02:43:25 PM,670,610,2.9329456281323543,68.94098360655738
2026-03-04,02:43:26 PM,671,611,2.9280548440919514,69.52045826513911
2026-03-04,02:43:27 PM,672,613,2.9592024724562624,69.88091353996738
2026-03-04,02:43:28 PM,673,615,2.958239477173266,70.22439024390243
2026-03-04,02:43:29 PM,674,617,2.9460713740036346,70.59481361426256
2026-03-04,02:43:30 PM,675,619,2.935825513484032,70.95638126009693
2026-03-04,02:43:31 PM,676,619,2.972620865073596,71.09531502423263
2026-03-04,02:43:32 PM,677,621,3.0416685282112166,71.03059581320451
2026-03-04,02:43:33 PM,678,621,3.0950039062615597,70.83091787439614
2026-03-04,02:43:34 PM,679,622,3.1352821052437245,70.40192926045016
2026-03-04,02:43:35 PM,680,623,3.1160321604716645,70.01123595505618
2026-03-04,02:43:36 PM,681,626,3.1086634516139995,69.39776357827476
2026-03-04,02:43:37 PM,682,629,3.185295950367873,68.82034976152623
2026-03-04,02:43:38 PM,683,630,3.2681089440646645,68.5
2026-03-04,02:43:39 PM,684,630,3.2688272431298584,68.16666666666667
2026-03-04,02:43:40 PM,685,629,3.225168755916432,67.96502384737678
2026-03-04,02:43:41 PM,686,631,3.1725000708882147,68.30744849445325
2026-03-04,02:43:42 PM,687,633,3.1580089118736687,68.43127962085308
2026-03-04,02:43:43 PM,688,634,3.1213494281469716,68.98738170347004
2026-03-04,02:43:44 PM,689,635,3.05986880899275,69.53070866141732
2026-03-04,02:43:45 PM,690,635,2.9804703801453023,70.07086614173228
2026-03-04,02:43:46 PM,691,633,2.839752810010762,70.86729857819905
2026-03-04,02:43:47 PM,692,636,2.8117048572939027,71.11792452830188
2026-03-04,02:43:48 PM,693,636,2.7688801110823302,71.66666666666667
2026-03-04,02:43:49 PM,694,636,2.704266449917984,72.23270440251572
2026-03-04,02:43:50 PM,695,639,2.712447312934054,72.40688575899844
2026-03-04,02:43:51 PM,696,638,2.6197347773871176,73.11598746081505
2026-03-04,02:43:52 PM,697,640,2.6604936324278583,73.50625
2026-03-04,02:43:53 PM,698,641,2.7448718728778903,74.02028081123245
2026-03-04,02:43:54 PM,699,641,2.7578917535489995,74.69266770670826
2026-03-04,02:43:55 PM,700,642,2.763906188533199,75.29906542056075
2026-03-04,02:43:56 PM,701,643,2.7540249764019924,75.90979782270607
2026-03-04,02:43:57 PM,702,644,2.7524267820119728,76.29037267080746
2026-03-04,02:43:58 PM,703,645,2.728836499845158,76.90232558139535
2026-03-04,02:43:59 PM,704,646,2.7550957997028798,77.515479876161
2026-03-04,02:44:00 PM,705,648,2.8036992826855647,77.9675925925926
2026-03-04,02:44:01 PM,706,646,2.8008114972995797,78.94427244582043
2026-03-04,02:44:02 PM,707,650,2.790156899454909,79.14153846153846
2026-03-04,02:44:03 PM,708,647,2.712328999801446,80.2241112828439
2026-03-04,02:44:04 PM,709,648,2.719734166944667,80.8503086419753
2026-03-04,02:44:05 PM,710,645,2.6009086474412735,81.98449612403101
2026-03-04,02:44:06 PM,711,647,2.5347960540806374,82.49304482225656
2026-03-04,02:44:07 PM,712,648,2.4965573249965747,83.11574074074075
2026-03-04,02:44:08 PM,713,651,2.5477170012215065,83.49308755760369
2026-03-04,02:44:09 PM,714,652,2.609732175001121,84.07055214723927
2026-03-04,02:44:10 PM,715,652,2.586760933602786,84.329754601227
2026-03-04,02:44:11 PM,716,654,2.5840198550266837,84.63302752293578
2026-03-04,02:44:12 PM,717,656,2.6197889929319556,85.01676829268293
2026-03-04,02:44:13 PM,718,656,2.6758910825806486,85.6935975609756
2026-03-04,02:44:14 PM,719,658,2.702348985783539,86.080547112462
2026-03-04,02:44:15 PM,720,660,2.7310834844548997,86.46060606060605
2026-03-04,02:44:16 PM,721,660,2.633577212098637,87.14696969696969
2026-03-04,02:44:17 PM,722,663,2.591399353539016,87.43589743589743
2026-03-04,02:44:18 PM,723,665,2.56427225798465,87.86015037593985
2026-03-04,02:44:19 PM,724,665,2.5330893596216084,88.55639097744361
2026-03-04,02:44:20 PM,725,663,2.4606046578665404,89.43740573152338
2026-03-04,02:44:21 PM,726,665,2.4591741720479967,89.85413533834587
2026-03-04,02:44:22 PM,727,668,2.4886891605290278,90.19760479041916
2026-03-04,02:44:23 PM,728,666,2.4631704347507597,91.16066066066067
2026-03-04,02:44:24 PM,729,668,2.4432949021620463,91.5374251497006
2026-03-04,02:44:25 PM,730,669,2.44955589602973,92.04633781763826
2026-03-04,02:44:26 PM,731,669,2.4521919263684233,92.63079222720478
2026-03-04,02:44:27 PM,732,668,2.390390753038332,93.43562874251496
2026-03-04,02:44:28 PM,733,667,2.3261404615331562,94.2383808095952
2026-03-04,02:44:29 PM,734,666,2.247546078336098,95.04354354354355
2026-03-04,02:44:30 PM,735,669,2.206513601287133,95.26158445440957
2026-03-04,02:44:31 PM,736,667,2.22639234213414,96.22338830584708
2026-03-04,02:44:32 PM,737,668,2.323852382975093,96.73053892215569
2026-03-04,02:44:33 PM,738,668,2.3650592861045703,97.42065868263474
2026-03-04,02:44:34 PM,739,667,2.3230055815341886,98.14842578710645
2026-03-04,02:44:35 PM,740,669,2.328146166622734,98.4678624813154
2026-03-04,02:44:36 PM,741,670,2.3608330170917897,98.81044776119403
2026-03-04,02:44:37 PM,742,671,2.32006925938247,99.1698956780924
2026-03-04,02:44:38 PM,743,673,2.3196364017963558,99.44279346210996
2026-03-04,02:44:39 PM,744,673,2.3005051978465985,99.9777117384844
2026-03-04,02:44:40 PM,745,675,2.323510734743063,99.82074074074075
2026-03-04,02:44:41 PM,746,677,2.2923896027788757,99.93057607090104
2026-03-04,02:44:42 PM,747,680,2.2753395030712924,100.06176470588235
2026-03-04,02:44:43 PM,748,679,2.302734827962226,100.3519882179676
2026-03-04,02:44:44 PM,749,677,2.226701222460673,100.35745937961595
2026-03-04,02:44:45 PM,750,679,2.2129588843208587,99.84977908689248
2026-03-04,02:44:46 PM,751,678,2.253325267093212,99.11356932153393
2026-03-04,02:44:47 PM,752,679,2.295688754638049,97.6759941089838
2026-03-04,02:44:48 PM,753,678,2.278099724269628,97.21091445427729
2026-03-04,02:44:49 PM,754,678,2.2654863799049063,96.87020648967551
2026-03-04,02:44:50 PM,755,678,2.2513813394690128,96.32743362831859
2026-03-04,02:44:51 PM,756,679,2.29664216854665,96.20471281296024
2026-03-04,02:44:52 PM,757,680,2.320725104067559,95.67941176470588
2026-03-04,02:44:53 PM,758,682,2.3497137839532325,95.0
2026-03-04,02:44:54 PM,759,683,2.4098504183149063,94.36603221083455
2026-03-04,02:44:55 PM,760,684,2.4521487252418908,93.79970760233918
2026-03-04,02:44:56 PM,761,684,2.4800365319739255,93.04824561403508
2026-03-04,02:44:57 PM,762,686,2.483692641148094,92.41545189504373
2026-03-04,02:44:58 PM,763,687,2.452780474792784,92.51819505094615
2026-03-04,02:44:59 PM,764,689,2.527391656053989,91.86502177068215
2026-03-04,02:45:00 PM,765,691,2.559326158807356,90.5369030390738
2026-03-04,02:45:01 PM,766,693,2.598600316065639,89.7994227994228
2026-03-04,02:45:02 PM,767,695,2.6550625981160163,88.62158273381294
2026-03-04,02:45:03 PM,768,697,2.6902865929885205,87.8880918220947
2026-03-04,02:45:04 PM,769,696,2.7339134028205323,87.47270114942529
2026-03-04,02:45:05 PM,770,697,2.7759939306199435,87.23242467718795
2026-03-04,02:45:06 PM,771,699,2.854303617533069,86.96423462088698
2026-03-04,02:45:07 PM,772,695,2.8597374427933326,87.26618705035972
2026-03-04,02:45:08 PM,773,696,2.878760329620269,87.38218390804597
2026-03-04,02:45:09 PM,774,698,2.895583204411695,87.37965616045845
2026-03-04,02:45:10 PM,775,702,2.8815418399611317,87.53276353276354
2026-03-04,02:45:11 PM,776,703,2.8406313333619835,87.48221906116643
2026-03-04,02:45:12 PM,777,704,2.7775901626273334,86.9247159090909
2026-03-04,02:45:13 PM,778,703,2.7375088122065825,86.54765291607397
2026-03-04,02:45:14 PM,779,701,2.785742496320057,85.67047075606277
2026-03-04,02:45:15 PM,780,703,2.7735662140232638,83.96728307254622
2026-03-04,02:45:16 PM,781,703,2.8051164676603952,82.54054054054055
2026-03-04,02:45:17 PM,782,701,2.768269714740045,81.04992867332382
2026-03-04,02:45:18 PM,783,704,2.7731819459978575,79.18892045454545
2026-03-04,02:45:19 PM,784,707,2.76623630155095,77.45827439886845
2026-03-04,02:45:20 PM,785,705,2.697240567821196,76.60283687943263
2026-03-04,02:45:21 PM,786,707,2.619420313179958,74.45403111739745
2026-03-04,02:45:22 PM,787,709,2.5744759611610206,72.54724964739069
2026-03-04,02:45:23 PM,788,709,2.5285707742015635,70.49929478138223
2026-03-04,02:45:24 PM,789,712,2.5178692318370817,68.74859550561797
2026-03-04,02:45:25 PM,790,713,2.4628306656973895,67.80645161290323
2026-03-04,02:45:26 PM,791,714,2.5362105995195354,66.86974789915966
2026-03-04,02:45:27 PM,792,715,2.5995071260422136,66.13846153846154
2026-03-04,02:45:28 PM,793,713,2.602070105740076,66.25525946704067
2026-03-04,02:45:29 PM,794,713,2.671768042378684,65.97054698457222
2026-03-04,02:45:30 PM,795,713,2.6822901200407245,65.67601683029453
2026-03-04,02:45:31 PM,796,715,2.6942863149428447,65.2111888111888
2026-03-04,02:45:32 PM,797,717,2.6965172373688695,64.50488145048814
2026-03-04,02:45:33 PM,798,718,2.7097936006616177,63.786908077994426
2026-03-04,02:45:34 PM,799,720,2.7248310488204353,62.705555555555556
2026-03-04,02:45:35 PM,800,721,2.7467665931586818,61.500693481276
2026-03-04,02:45:36 PM,801,721,2.761258084751926,60.74341192787795
2026-03-04,02:45:37 PM,802,722,2.7413493347279196,60.3393351800554
2026-03-04,02:45:38 PM,803,724,2.734684095442931,59.78591160220994
2026-03-04,02:45:39 PM,804,724,2.815571999956078,59.44475138121547
2026-03-04,02:45:40 PM,805,727,2.848219226399725,59.448418156808806
2026-03-04,02:45:41 PM,806,724,2.8388649349992887,59.73066298342541
2026-03-04,02:45:42 PM,807,726,2.8671122196986856,59.578512396694215
2026-03-04,02:45:43 PM,808,727,2.829855562288084,59.141678129298484
2026-03-04,02:45:44 PM,809,729,2.8942244381161903,58.96570644718793
2026-03-04,02:45:45 PM,810,730,2.937541850562068,58.56986301369863
2026-03-04,02:45:46 PM,811,730,2.927790127427186,58.85068493150685
2026-03-04,02:45:47 PM,812,730,2.899067456316827,58.6972602739726
2026-03-04,02:45:48 PM,813,729,2.8621823052275226,58.9437585733882
2026-03-04,02:45:49 PM,814,729,2.8343808887115722,59.51303155006859
2026-03-04,02:45:50 PM,815,729,2.7566369559416466,59.832647462277095
2026-03-04,02:45:51 PM,816,728,2.727731044745307,60.08653846153846
2026-03-04,02:45:52 PM,817,729,2.695391104229461,59.871056241426615
2026-03-04,02:45:53 PM,818,729,2.6770530138815314,59.84087791495199
2026-03-04,02:45:54 PM,819,729,2.698279091622526,59.99862825788752
2026-03-04,02:45:55 PM,820,730,2.6893387194212033,60.0027397260274
2026-03-04,02:45:56 PM,821,732,2.72453888624109,60.06147540983606
2026-03-04,02:45:57 PM,822,732,2.689255651771217,60.5655737704918
2026-03-04,02:45:58 PM,823,735,2.682788739164249,60.178231292517005
2026-03-04,02:45:59 PM,824,734,2.69019552968007,59.87602179836512
2026-03-04,02:46:00 PM,825,734,2.6972658803969263,59.87057220708447
2026-03-04,02:46:01 PM,826,735,2.7121829995478572,60.035374149659866
2026-03-04,02:46:02 PM,827,736,2.7488647820784773,59.77853260869565
2026-03-04,02:46:03 PM,828,735,2.794660104588602,59.36326530612245
2026-03-04,02:46:04 PM,829,736,2.8264307594083484,58.78396739130435
2026-03-04,02:46:05 PM,830,739,2.8846241033344935,57.43843031123139
2026-03-04,02:46:06 PM,831,739,2.888272870156394,57.45466847090663
2026-03-04,02:46:07 PM,832,741,2.899877205043036,57.465587044534416
2026-03-04,02:46:08 PM,833,741,2.800331462395266,57.78137651821862
2026-03-04,02:46:09 PM,834,742,2.819261038049321,58.02021563342318
2026-03-04,02:46:10 PM,835,743,2.784144215972746,58.28129205921938
2026-03-04,02:46:11 PM,836,744,2.8257060982682263,58.403225806451616
2026-03-04,02:46:12 PM,837,745,2.830785442364902,58.63624161073825
2026-03-04,02:46:13 PM,838,743,2.8299036322689206,59.337819650067296
2026-03-04,02:46:14 PM,839,743,2.870955674472537,59.48586810228802
2026-03-04,02:46:15 PM,840,741,2.833613346039513,59.81781376518219
2026-03-04,02:46:16 PM,841,741,2.855724915988942,59.985155195681514
2026-03-04,02:46:17 PM,842,742,2.889835811126586,60.14420485175202
2026-03-04,02:46:18 PM,843,745,2.909460066094821,59.92751677852349
2026-03-04,02:46:19 PM,844,746,2.897851761762337,59.93565683646113
2026-03-04,02:46:20 PM,845,746,2.904914127453659,59.2372654155496
2026-03-04,02:46:21 PM,846,746,2.9201618353782317,59.16756032171582
2026-03-04,02:46:22 PM,847,748,2.978031281940433,58.731283422459896
2026-03-04,02:46:23 PM,848,750,3.077150749101042,58.04
2026-03-04,02:46:24 PM,849,749,3.1091685977369243,57.79572763684913
2026-03-04,02:46:25 PM,850,749,3.084104869090515,57.966622162883844
2026-03-04,02:46:26 PM,851,748,3.07910536622788,58.18048128342246
2026-03-04,02:46:27 PM,852,750,3.0793499869983485,58.242666666666665
2026-03-04,02:46:28 PM,853,749,3.064944392369218,58.41255006675567
2026-03-04,02:46:29 PM,854,751,3.0630263971967935,58.470039946737685
2026-03-04,02:46:30 PM,855,750,3.0342972509933244,58.96666666666667
2026-03-04,02:46:31 PM,856,749,2.9977247441764305,59.47663551401869
2026-03-04,02:46:32 PM,857,749,2.9288883227498053,59.80373831775701
2026-03-04,02:46:33 PM,858,752,2.9925444747358534,59.964095744680854
2026-03-04,02:46:34 PM,859,749,2.9568416484804736,60.16688918558077
2026-03-04,02:46:35 PM,860,750,2.964352385691482,60.212
2026-03-04,02:46:36 PM,861,752,2.9719700912627265,60.128989361702125
2026-03-04,02:46:37 PM,862,750,2.9834686001862987,60.30133333333333
2026-03-04,02:46:38 PM,863,751,3.007908920954061,60.75499334221038
2026-03-04,02:46:39 PM,864,752,3.075783068809388,61.191489361702125
2026-03-04,02:46:40 PM,865,751,3.1159812934467865,61.782956058588546
2026-03-04,02:46:41 PM,866,750,3.1313272521718556,62.42933333333333
2026-03-04,02:46:42 PM,867,750,3.212547201946638,62.94
2026-03-04,02:46:43 PM,868,750,3.2388391828855467,62.733333333333334
2026-03-04,02:46:44 PM,869,752,3.228550528372128,62.56117021276596
2026-03-04,02:46:45 PM,870,753,3.1855232084834912,62.57370517928287
2026-03-04,02:46:46 PM,871,753,3.1087664078771695,62.9269588313413
2026-03-04,02:46:47 PM,872,754,3.084657761841673,63.09151193633952
2026-03-04,02:46:48 PM,873,751,3.042976331426553,63.233022636484684
2026-03-04,02:46:49 PM,874,751,2.9942439849591755,63.55792276964048
2026-03-04,02:46:50 PM,875,753,3.009322092417163,63.73970783532536
2026-03-04,02:46:51 PM,876,755,3.0169225806188757,63.725827814569534
2026-03-04,02:46:52 PM,877,755,3.019554069104188,63.88741721854305
2026-03-04,02:46:53 PM,878,757,2.958258725574056,63.949801849405546
2026-03-04,02:46:54 PM,879,758,2.9270910901876728,64.41688654353563
2026-03-04,02:46:55 PM,880,761,2.8995846125542863,64.35611038107753
2026-03-04,02:46:56 PM,881,764,2.901106778216759,64.48167539267016
2026-03-04,02:46:57 PM,882,765,2.8996217911443867,64.71372549019608
2026-03-04,02:46:58 PM,883,765,2.887591992163367,65.01830065359478
2026-03-04,02:46:59 PM,884,765,2.9218640744116775,64.99477124183007
2026-03-04,02:47:00 PM,885,765,2.943686839255829,65.21307189542483
2026-03-04,02:47:01 PM,886,764,2.976589779336032,65.45680628272251
2026-03-04,02:47:02 PM,887,766,3.0396368854849767,65.49477806788512
2026-03-04,02:47:03 PM,888,763,3.0075834105743255,65.6435124508519
2026-03-04,02:47:04 PM,889,765,3.0075503078639634,65.4797385620915
2026-03-04,02:47:05 PM,890,767,3.073689839653185,65.46023468057366
2026-03-04,02:47:06 PM,891,769,3.074174857553481,65.4668400520156
2026-03-04,02:47:07 PM,892,768,3.0595099970966557,65.72265625
2026-03-04,02:47:08 PM,893,770,3.0791905941122844,65.71038961038961
2026-03-04,02:47:09 PM,894,772,3.0874020360200483,65.610103626943
2026-03-04,02:47:10 PM,895,773,3.0566416276393316,65.627425614489
2026-03-04,02:47:11 PM,896,772,2.9897221026489174,65.87435233160622
2026-03-04,02:47:12 PM,897,773,2.9656876551716738,66.28201811125486
2026-03-04,02:47:13 PM,898,775,2.9871053296217074,66.54064516129033
2026-03-04,02:47:14 PM,899,773,2.988229539226546,67.09443725743856
2026-03-04,02:47:15 PM,900,773,3.0557015064797284,67.29754204398448
2026-03-04,02:47:16 PM,901,773,3.0942927863817604,67.21862871927554
2026-03-04,02:47:17 PM,902,773,3.115949487466115,67.58085381630013
2026-03-04,02:47:18 PM,903,773,3.139388569261401,67.96765847347994
2026-03-04,02:47:19 PM,904,774,3.1381526229816386,68.22609819121448
2026-03-04,02:47:20 PM,905,775,3.081718303721499,68.62064516129033
2026-03-04,02:47:21 PM,906,777,3.0577628688807152,68.83140283140283
2026-03-04,02:47:22 PM,907,776,3.0274980952059845,69.36726804123711
2026-03-04,02:47:23 PM,908,777,2.9975594002026402,69.79536679536679
2026-03-04,02:47:24 PM,909,774,2.9213290781951606,70.53100775193798
2026-03-04,02:47:25 PM,910,775,2.894563846359443,70.88516129032259
2026-03-04,02:47:26 PM,911,775,2.8908983061439204,71.4025806451613
2026-03-04,02:47:27 PM,912,777,2.863454541985474,71.6949806949807
2026-03-04,02:47:28 PM,913,775,2.8102003735240038,72.37161290322581
2026-03-04,02:47:29 PM,914,775,2.821835156990054,72.47741935483872
2026-03-04,02:47:30 PM,915,774,2.8681337566596525,72.59689922480621
2026-03-04,02:47:31 PM,916,771,2.8225262546832246,73.08430609597924
2026-03-04,02:47:32 PM,917,771,2.791079356422491,73.64461738002593
2026-03-04,02:47:33 PM,918,773,2.743246502033875,73.9987063389392
2026-03-04,02:47:34 PM,919,776,2.697122637283194,74.27963917525773
2026-03-04,02:47:35 PM,920,776,2.635460217830726,74.83505154639175
2026-03-04,02:47:36 PM,921,777,2.584211524550889,75.32818532818533
2026-03-04,02:47:37 PM,922,776,2.5602393034997575,76.01417525773196
2026-03-04,02:47:38 PM,923,775,2.4759590160842424,76.73290322580645
2026-03-04,02:47:39 PM,924,777,2.45742479094291,77.15444015444015
2026-03-04,02:47:40 PM,925,778,2.4484436105068808,77.6491002570694
2026-03-04,02:47:41 PM,926,780,2.414037679857781,78.12435897435897
2026-03-04,02:47:42 PM,927,780,2.38355700766514,78.40641025641025
2026-03-04,02:47:43 PM,928,779,2.3483937504860424,78.82028241335045
2026-03-04,02:47:44 PM,929,777,2.312081348696516,79.29343629343629
2026-03-04,02:47:45 PM,930,778,2.32573281775277,79.0668380462725
2026-03-04,02:47:46 PM,931,779,2.34929618889417,77.67394094993581
2026-03-04,02:47:47 PM,932,782,2.4353531362394665,76.28005115089515
2026-03-04,02:47:48 PM,933,785,2.48693394730663,74.65605095541402
2026-03-04,02:47:49 PM,934,785,2.481067895301525,73.71337579617834
2026-03-04,02:47:50 PM,935,784,2.456691826134812,72.95663265306122
2026-03-04,02:47:51 PM,936,788,2.471317856406301,71.56091370558376
2026-03-04,02:47:52 PM,937,790,2.5023336929243714,70.00126582278482
2026-03-04,02:47:53 PM,938,789,2.513960953485426,69.35994930291508
2026-03-04,02:47:54 PM,939,789,2.558891376311894,68.12801013941699
2026-03-04,02:47:55 PM,940,790,2.576626775707271,67.11012658227848
2026-03-04,02:47:56 PM,941,793,2.6009437901704513,65.99243379571249
2026-03-04,02:47:57 PM,942,794,2.6781913495636753,64.90806045340051
2026-03-04,02:47:58 PM,943,796,2.7837717023717246,63.996231155778894
2026-03-04,02:47:59 PM,944,796,2.8201982465406026,63.62688442211055
2026-03-04,02:48:00 PM,945,798,2.8256885590662244,63.235588972431074
2026-03-04,02:48:01 PM,946,799,2.814728965308425,63.4630788485607
2026-03-04,02:48:02 PM,947,800,2.838521438169173,63.3925
2026-03-04,02:48:03 PM,948,801,2.866034559682158,63.55930087390762
2026-03-04,02:48:04 PM,949,801,2.90207870637045,63.97752808988764
2026-03-04,02:48:05 PM,950,801,2.9256871599048533,63.72284644194757
2026-03-04,02:48:06 PM,951,802,2.927833515950245,64.06483790523691
2026-03-04,02:48:07 PM,952,804,2.938945366052051,64.36194029850746
2026-03-04,02:48:08 PM,953,807,2.989507339309078,64.61214374225527
2026-03-04,02:48:09 PM,954,805,2.95749493457017,64.73540372670807
2026-03-04,02:48:10 PM,955,806,2.981608920594101,64.43424317617865
2026-03-04,02:48:11 PM,956,805,2.92203502670421,64.27577639751553
2026-03-04,02:48:12 PM,957,806,2.8705931982865582,64.348635235732
2026-03-04,02:48:13 PM,958,805,2.8149640716839714,64.7080745341615
2026-03-04,02:48:14 PM,959,805,2.761525114265433,65.02111801242236
2026-03-04,02:48:15 PM,960,805,2.676851854270588,65.3527950310559
2026-03-04,02:48:16 PM,961,805,2.6221139469777124,65.5304347826087
2026-03-04,02:48:17 PM,962,806,2.5814190618213217,65.23945409429281
2026-03-04,02:48:18 PM,963,806,2.6261142568627407,65.57196029776675
2026-03-04,02:48:19 PM,964,804,2.6215480202026065,66.10074626865672
2026-03-04,02:48:20 PM,965,807,2.588047233977314,66.36802973977696
2026-03-04,02:48:21 PM,966,806,2.5495026794551867,66.79776674937965
2026-03-04,02:48:22 PM,967,808,2.5316764446922138,67.01361386138613
2026-03-04,02:48:23 PM,968,812,2.508030808412498,67.1256157635468
2026-03-04,02:48:24 PM,969,811,2.5540841760519584,67.67200986436498
2026-03-04,02:48:25 PM,970,808,2.538079272532866,67.99752475247524
2026-03-04,02:48:26 PM,971,810,2.5634432964732765,67.91111111111111
2026-03-04,02:48:27 PM,972,809,2.5700679141003246,68.01606922126082
2026-03-04,02:48:28 PM,973,808,2.620967127818102,67.96163366336634
2026-03-04,02:48:29 PM,974,808,2.6537447959162233,67.83910891089108
2026-03-04,02:48:30 PM,975,809,2.6238458935529096,67.63782447466008
2026-03-04,02:48:31 PM,976,811,2.5863507825431826,67.28976572133169
2026-03-04,02:48:32 PM,977,810,2.506471321601385,67.34197530864198
2026-03-04,02:48:33 PM,978,810,2.55058296154324,66.63086419753087
2026-03-04,02:48:34 PM,979,810,2.5878078678360286,65.64938271604939
2026-03-04,02:48:35 PM,980,811,2.632162908486482,64.89889025893959
2026-03-04,02:48:36 PM,981,811,2.7121188832755023,64.12083847102343
2026-03-04,02:48:37 PM,982,810,2.7519984175798085,63.82592592592592
2026-03-04,02:48:38 PM,983,811,2.768875361609661,63.5462392108508
2026-03-04,02:48:39 PM,984,814,2.7896772696381436,62.87960687960688
2026-03-04,02:48:40 PM,985,814,2.766785205244521,62.34029484029484
2026-03-04,02:48:41 PM,986,813,2.713106797069316,62.190651906519065
2026-03-04,02:48:42 PM,987,814,2.7092885220537393,62.12776412776413
2026-03-04,02:48:43 PM,988,812,2.6923251535872867,62.19458128078818
2026-03-04,02:48:44 PM,989,812,2.629353922967995,61.727832512315274
2026-03-04,02:48:45 PM,990,813,2.6616528903627117,61.5079950799508
2026-03-04,02:48:46 PM,991,814,2.703098572491069,60.98034398034398
2026-03-04,02:48:47 PM,992,816,2.653367908931198,60.62132352941177
2026-03-04,02:48:48 PM,993,817,2.622763406896657,60.88861689106487
2026-03-04,02:48:49 PM,994,817,2.5643428233319736,61.26927784577723
2026-03-04,02:48:50 PM,995,819,2.543686523635102,61.42246642246642
2026-03-04,02:48:51 PM,996,819,2.5489392481120206,61.73870573870574
2026-03-04,02:48:52 PM,997,816,2.472902941224812,62.26960784313726
2026-03-04,02:48:53 PM,998,817,2.4200705280235875,62.67564259485924
2026-03-04,02:48:54 PM,999,818,2.425048718207355,63.12591687041565
2026-03-04,02:48:55 PM,1000,819,2.461005940680553,63.54456654456654
2026-03-04,02:48:56 PM,1001,820,2.4883045953213663,64.06585365853658
2026-03-04,02:48:57 PM,1002,821,2.56683586453552,64.56760048721073
2026-03-04,02:48:58 PM,1003,823,2.5850620822278536,64.96840826245443
2026-03-04,02:48:59 PM,1004,825,2.627934592173848,65.36242424242424
2026-03-04,02:49:00 PM,1005,826,2.676403571264725,65.70944309927361
2026-03-04,02:49:01 PM,1006,826,2.6741032946946652,66.21307506053269
2026-03-04,02:49:02 PM,1007,826,2.683110273212493,66.51694915254237
2026-03-04,02:49:03 PM,1008,827,2.705842021709929,66.87666263603386
2026-03-04,02:49:04 PM,1009,830,2.6872300606148323,67.10722891566265
2026-03-04,02:49:05 PM,1010,831,2.66317593122202,67.53790613718411
2026-03-04,02:49:06 PM,1011,827,2.6276850092588684,68.43530834340991
2026-03-04,02:49:07 PM,1012,826,2.66068969099167,69.08111380145279
2026-03-04,02:49:08 PM,1013,829,2.649640491517683,69.47044632086852
2026-03-04,02:49:09 PM,1014,828,2.6222023139749644,70.23309178743962
2026-03-04,02:49:10 PM,1015,829,2.6090829970381724,70.82991556091677
2026-03-04,02:49:11 PM,1016,830,2.569994219053635,71.3433734939759
2026-03-04,02:49:12 PM,1017,832,2.570639857115609,71.43990384615384
2026-03-04,02:49:13 PM,1018,833,2.578305150353979,71.62545018007202
2026-03-04,02:49:14 PM,1019,832,2.564554445625189,72.0420673076923
2026-03-04,02:49:15 PM,1020,832,2.521299984413481,72.28485576923077
2026-03-04,02:49:16 PM,1021,832,2.4753073212398293,72.58173076923077
2026-03-04,02:49:17 PM,1022,832,2.4538947833941984,72.92788461538461
2026-03-04,02:49:18 PM,1023,832,2.432298531970608,73.20552884615384
2026-03-04,02:49:19 PM,1024,834,2.447065832091092,73.3621103117506
2026-03-04,02:49:20 PM,1025,835,2.4018027122228087,72.93892215568863
2026-03-04,02:49:21 PM,1026,836,2.389143295249298,73.14832535885168
2026-03-04,02:49:22 PM,1027,837,2.403920732978042,73.34647550776583
2026-03-04,02:49:23 PM,1028,837,2.3713251433419376,73.71087216248506
2026-03-04,02:49:24 PM,1029,837,2.350373570163635,74.06093189964157
2026-03-04,02:49:25 PM,1030,837,2.3514871431488844,74.42771804062127
2026-03-04,02:49:26 PM,1031,838,2.3593506362665284,75.00596658711217
2026-03-04,02:49:27 PM,1032,839,2.2969010854733782,75.35995232419548
2026-03-04,02:49:28 PM,1033,839,2.2736018898138752,75.80810488676997
2026-03-04,02:49:29 PM,1034,840,2.27394136523933,76.21071428571429
2026-03-04,02:49:30 PM,1035,839,2.23883769780624,76.82240762812873
2026-03-04,02:49:31 PM,1036,841,2.222224576308168,77.19500594530321
2026-03-04,02:49:32 PM,1037,843,2.2480953506328385,77.4638196915777
2026-03-04,02:49:33 PM,1038,846,2.2682398380284576,77.67375886524823
2026-03-04,02:49:34 PM,1039,847,2.2999668817379217,78.16056670602126
2026-03-04,02:49:35 PM,1040,849,2.322523862487003,78.5771495877503
2026-03-04,02:49:36 PM,1041,849,2.3195192680203234,79.17314487632508
2026-03-04,02:49:37 PM,1042,850,2.3068793164232853,79.65411764705883
2026-03-04,02:49:38 PM,1043,849,2.2631033429403273,80.31684334511189
2026-03-04,02:49:39 PM,1044,849,2.237070832308316,80.83156654888104
2026-03-04,02:49:40 PM,1045,849,2.220402200347708,81.48056537102474
2026-03-04,02:49:41 PM,1046,849,2.2393769036534765,82.03886925795052
2026-03-04,02:49:42 PM,1047,851,2.2830173477146034,82.427732079906
2026-03-04,02:49:43 PM,1048,852,2.323179650914652,82.89319248826291
2026-03-04,02:49:44 PM,1049,852,2.327282727436259,83.45657276995306
2026-03-04,02:49:45 PM,1050,855,2.347818422425607,83.77777777777777
2026-03-04,02:49:46 PM,1051,856,2.3514099540357365,84.13200934579439
2026-03-04,02:49:47 PM,1052,856,2.3882626075775444,84.25934579439253
2026-03-04,02:49:48 PM,1053,858,2.414403218180909,84.27855477855478
2026-03-04,02:49:49 PM,1054,861,2.4028123939735506,84.19976771196283
2026-03-04,02:49:50 PM,1055,860,2.383341646350015,84.5139534883721
2026-03-04,02:49:51 PM,1056,861,2.3790584342293117,84.26829268292683
2026-03-04,02:49:52 PM,1057,863,2.3374791854756207,83.85515643105447
2026-03-04,02:49:53 PM,1058,867,2.2926080972835905,83.40599769319492
2026-03-04,02:49:54 PM,1059,869,2.25182927917927,83.20368239355581
2026-03-04,02:49:55 PM,1060,869,2.162583715001494,83.11277330264672
2026-03-04,02:49:56 PM,1061,867,2.0843954937477656,83.32295271049597
2026-03-04,02:49:57 PM,1062,867,2.0956014262531064,83.13148788927336
2026-03-04,02:49:58 PM,1063,869,2.0900128964900615,83.09896432681242
2026-03-04,02:49:59 PM,1064,872,2.0921043593645567,83.05045871559633
2026-03-04,02:50:00 PM,1065,874,2.131021441850741,83.13844393592677
2026-03-04,02:50:01 PM,1066,875,2.122450737773591,83.62971428571429
2026-03-04,02:50:02 PM,1067,875,2.11920874804258,84.26628571428571
2026-03-04,02:50:03 PM,1068,876,2.13495409614761,84.51255707762557
2026-03-04,02:50:04 PM,1069,876,2.156188759486231,84.56963470319634
2026-03-04,02:50:05 PM,1070,879,2.21271886938733,84.5938566552901
2026-03-04,02:50:06 PM,1071,877,2.200301127661657,85.32269099201824
2026-03-04,02:50:07 PM,1072,877,2.16455163479026,85.73546180159636
2026-03-04,02:50:08 PM,1073,880,2.196116587517851,85.95795454545454
2026-03-04,02:50:09 PM,1074,877,2.1730020079401156,86.84834663625998
2026-03-04,02:50:10 PM,1075,876,2.1579740281697863,87.53082191780823
2026-03-04,02:50:11 PM,1076,877,2.1586241617308684,88.09122006841505
2026-03-04,02:50:12 PM,1077,876,2.1163465666768584,88.85159817351598
2026-03-04,02:50:13 PM,1078,875,2.062099866773988,89.6
2026-03-04,02:50:14 PM,1079,876,2.029237451621855,90.13584474885845
2026-03-04,02:50:15 PM,1080,877,2.047417916484544,90.66020524515393
2026-03-04,02:50:16 PM,1081,879,2.104432477452226,90.59840728100114
2026-03-04,02:50:17 PM,1082,881,2.111906561459097,90.21793416572078
2026-03-04,02:50:18 PM,1083,883,2.157492603478674,89.85050962627406
2026-03-04,02:50:19 PM,1084,880,2.1562045084142305,89.74772727272727
2026-03-04,02:50:20 PM,1085,881,2.1726486531160205,89.17593643586834
2026-03-04,02:50:21 PM,1086,881,2.201893535800545,88.29852440408627
2026-03-04,02:50:22 PM,1087,881,2.2037095092839287,87.4211123723042
2026-03-04,02:50:23 PM,1088,883,2.2361099046947417,86.68969422423557
2026-03-04,02:50:24 PM,1089,886,2.2429981013218185,86.13882618510158
2026-03-04,02:50:25 PM,1090,885,2.2236708531016633,85.9683615819209
2026-03-04,02:50:26 PM,1091,887,2.1808665493333965,85.28748590755355
2026-03-04,02:50:27 PM,1092,884,2.078229917826158,85.08031674208145
2026-03-04,02:50:28 PM,1093,883,2.04061474040618,84.65798414496037
2026-03-04,02:50:29 PM,1094,885,2.0598528307269053,83.68135593220339
2026-03-04,02:50:30 PM,1095,886,2.1151074213218664,82.71670428893906
2026-03-04,02:50:31 PM,1096,887,2.1497148748312194,81.39007891770011
2026-03-04,02:50:32 PM,1097,887,2.094248035372394,80.74859075535512
2026-03-04,02:50:33 PM,1098,890,2.085971877765653,79.68202247191012
2026-03-04,02:50:34 PM,1099,892,1.9975945475927865,78.67264573991031
2026-03-04,02:50:35 PM,1100,894,1.9799937851020004,77.668903803132
2026-03-04,02:50:36 PM,1101,895,1.9711602726255528,77.32290502793296
2026-03-04,02:50:37 PM,1102,893,1.9579981277605913,76.79843225083987
2026-03-04,02:50:38 PM,1103,895,1.9786580713080713,76.3340782122905
2026-03-04,02:50:39 PM,1104,897,1.956397705959286,75.96655518394648
2026-03-04,02:50:40 PM,1105,898,1.9231383157746222,76.07015590200446
2026-03-04,02:50:41 PM,1106,899,1.897048123680632,75.8698553948832
2026-03-04,02:50:42 PM,1107,901,1.936126396588946,75.49056603773585
2026-03-04,02:50:43 PM,1108,902,1.984368368952081,75.28270509977827
2026-03-04,02:50:44 PM,1109,904,1.99852579923334,75.07964601769912
2026-03-04,02:50:45 PM,1110,906,2.0270830981303236,74.87527593818984
2026-03-04,02:50:46 PM,1111,907,2.0617826134273343,74.80154355016538
2026-03-04,02:50:47 PM,1112,907,2.062265739659683,74.77508269018743
2026-03-04,02:50:48 PM,1113,907,2.0537497364208135,74.70121278941565
2026-03-04,02:50:49 PM,1114,908,2.0752332135688247,74.51321585903084
2026-03-04,02:50:50 PM,1115,909,2.061489563814887,74.45654565456546
2026-03-04,02:50:51 PM,1116,911,2.096857525113491,74.27222832052689
2026-03-04,02:50:52 PM,1117,914,2.1225737664832107,73.71772428884026
2026-03-04,02:50:53 PM,1118,916,2.1322467980713276,73.30021834061135
2026-03-04,02:50:54 PM,1119,919,2.1337891171063,72.82807399347116
2026-03-04,02:50:55 PM,1120,921,2.1695675060654525,72.1400651465798
2026-03-04,02:50:56 PM,1121,922,2.1745608567890056,71.94251626898048
2026-03-04,02:50:57 PM,1122,921,2.0888340069879257,71.82736156351791
2026-03-04,02:50:58 PM,1123,920,1.9843042307102918,71.48586956521739
2026-03-04,02:50:59 PM,1124,922,1.97432767338376,70.91648590021693
2026-03-04,02:51:00 PM,1125,922,1.9705034717736256,70.75379609544468
2026-03-04,02:51:01 PM,1126,923,2.0112106340581355,71.10617551462622
2026-03-04,02:51:02 PM,1127,923,2.0063866334546234,71.1679306608884
2026-03-04,02:51:03 PM,1128,922,1.9963039301139587,71.63774403470715
2026-03-04,02:51:04 PM,1129,922,2.035387435002396,71.85791757049891
2026-03-04,02:51:05 PM,1130,921,2.036314696365034,72.4071661237785
2026-03-04,02:51:06 PM,1131,922,1.9918047079405221,72.79718004338395
2026-03-04,02:51:07 PM,1132,923,1.9195837840995815,72.57854821235102
2026-03-04,02:51:08 PM,1133,926,1.9155372961460213,71.97624190064795
2026-03-04,02:51:09 PM,1134,925,1.8675248130891808,71.92108108108108
2026-03-04,02:51:10 PM,1135,927,1.8854971549370232,72.05501618122977
2026-03-04,02:51:11 PM,1136,929,1.8912913139222747,72.39181916038751
2026-03-04,02:51:12 PM,1137,931,1.8816488530205964,72.65413533834587
2026-03-04,02:51:13 PM,1138,933,1.8716819737029076,73.09860664523043
2026-03-04,02:51:14 PM,1139,934,1.8505818214929277,73.58244111349036
2026-03-04,02:51:15 PM,1140,937,1.836992494838561,73.85699039487727
2026-03-04,02:51:16 PM,1141,938,1.8419292500828761,74.39872068230277
2026-03-04,02:51:17 PM,1142,939,1.841781270913027,74.97018104366347
2026-03-04,02:51:18 PM,1143,943,1.850996762616146,75.30540827147402
2026-03-04,02:51:19 PM,1144,946,1.8421433529035396,75.79492600422833
2026-03-04,02:51:20 PM,1145,948,1.8727780599704256,76.39767932489451
2026-03-04,02:51:21 PM,1146,948,1.8542477963935264,77.14978902953587
2026-03-04,02:51:22 PM,1147,950,1.8329456522060197,77.75368421052632
2026-03-04,02:51:23 PM,1148,949,1.8344788362992985,78.59114857744994
2026-03-04,02:51:24 PM,1149,951,1.8418504162600675,79.17981072555204
2026-03-04,02:51:25 PM,1150,953,1.8353809599186175,79.78803777544596
2026-03-04,02:51:26 PM,1151,954,1.8450917652504646,80.47798742138365
2026-03-04,02:51:27 PM,1152,955,1.8590562841409952,81.17277486910994
2026-03-04,02:51:28 PM,1153,958,1.8619846888281864,81.64300626304802
2026-03-04,02:51:29 PM,1154,960,1.8493304257872245,82.19479166666666
2026-03-04,02:51:30 PM,1155,962,1.8667900222830252,82.75987525987526
2026-03-04,02:51:31 PM,1156,960,1.8334833020425767,83.68958333333333
2026-03-04,02:51:32 PM,1157,962,1.8095971924970276,84.28794178794179
2026-03-04,02:51:33 PM,1158,965,1.815684855642379,84.8279792746114
2026-03-04,02:51:34 PM,1159,965,1.805724389272676,85.57305699481866
2026-03-04,02:51:35 PM,1160,965,1.744333808124067,86.35544041450777
2026-03-04,02:51:36 PM,1161,965,1.725767119919734,87.12020725388601
2026-03-04,02:51:37 PM,1162,965,1.7188481512629452,87.88911917098446
2026-03-04,02:51:38 PM,1163,966,1.7400121222176024,88.09937888198758
2026-03-04,02:51:39 PM,1164,968,1.7589659697089073,88.2944214876033
2026-03-04,02:51:40 PM,1165,967,1.7654421952665247,89.0641158221303
2026-03-04,02:51:41 PM,1166,970,1.801832385540941,89.54639175257732
2026-03-04,02:51:42 PM,1167,972,1.8289731964526872,90.07716049382717
2026-03-04,02:51:43 PM,1168,972,1.8573306901620892,90.79012345679013
2026-03-04,02:51:44 PM,1169,975,1.8670936162456304,90.91692307692308
2026-03-04,02:51:45 PM,1170,975,1.8414276260959723,91.35282051282051
2026-03-04,02:51:46 PM,1171,977,1.8064573563842452,91.66734902763562
2026-03-04,02:51:47 PM,1172,978,1.7450940200016694,92.28834355828221
2026-03-04,02:51:48 PM,1173,980,1.686600341690561,92.53877551020408
2026-03-04,02:51:49 PM,1174,981,1.6639990883009272,92.88888888888889
2026-03-04,02:51:50 PM,1175,980,1.656032145579375,93.45102040816326
2026-03-04,02:51:51 PM,1176,984,1.6717661099829113,93.84451219512195
2026-03-04,02:51:52 PM,1177,985,1.6115352714912312,94.23553299492386
2026-03-04,02:51:53 PM,1178,987,1.5901326203191082,94.5339412360689
2026-03-04,02:51:54 PM,1179,989,1.567868382694047,94.85439838220425
2026-03-04,02:51:55 PM,1180,991,1.522024758023774,95.17961654894046
2026-03-04,02:51:56 PM,1181,991,1.4872753675148147,95.96670030272452
2026-03-04,02:51:57 PM,1182,994,1.4891522104397747,96.22635814889335
2026-03-04,02:51:58 PM,1183,993,1.5027963285867465,96.84994964753272
2026-03-04,02:51:59 PM,1184,994,1.5436451514640284,97.14587525150905
2026-03-04,02:52:00 PM,1185,996,1.62527431846231,97.34738955823293
2026-03-04,02:52:01 PM,1186,997,1.6238366757075573,97.70310932798395
2026-03-04,02:52:02 PM,1187,999,1.5997055312184307,97.89689689689689
2026-03-04,02:52:03 PM,1188,1000,1.5940927171682333,98.199
2026-03-04,02:52:04 PM,1189,1002,1.623372850771636,98.71157684630738
2026-03-04,02:52:05 PM,1190,1004,1.6589815797235692,98.96314741035856
2026-03-04,02:52:06 PM,1191,1005,1.716250582468345,99.0228855721393
2026-03-04,02:52:07 PM,1192,1007,1.750746468391522,98.97517378351539
2026-03-04,02:52:08 PM,1193,1008,1.7640540963349465,99.30357142857143
2026-03-04,02:52:09 PM,1194,1009,1.8073155572024453,98.84836471754213
2026-03-04,02:52:10 PM,1195,1009,1.8131213248958304,98.50743310208127
2026-03-04,02:52:11 PM,1196,1010,1.805355726203632,98.02970297029702
2026-03-04,02:52:12 PM,1197,1012,1.8187114072470898,97.33300395256917
2026-03-04,02:52:13 PM,1198,1013,1.7682124893565427,96.92300098716683
2026-03-04,02:52:14 PM,1199,1015,1.7515328143738742,95.79901477832513
2026-03-04,02:52:15 PM,1200,1018,1.7937771773160505,94.92829076620825
2026-03-04,02:52:16 PM,1201,1019,1.809635020385147,94.57409224730128
2026-03-04,02:52:17 PM,1202,1021,1.7912336623451797,94.53379040156709
2026-03-04,02:52:18 PM,1203,1022,1.7545869638404576,94.68199608610567
2026-03-04,02:52:19 PM,1204,1025,1.6930968577102665,94.57170731707318
2026-03-04,02:52:20 PM,1205,1025,1.614529742473296,94.90439024390244
2026-03-04,02:52:21 PM,1206,1026,1.6029528915281015,95.0692007797271
2026-03-04,02:52:22 PM,1207,1026,1.5939911288212947,95.15594541910332
2026-03-04,02:52:23 PM,1208,1029,1.6012325103022378,95.17687074829932
2026-03-04,02:52:24 PM,1209,1031,1.6586050237347594,95.50533462657614
2026-03-04,02:52:25 PM,1210,1034,1.6645054921668059,95.56769825918762
2026-03-04,02:52:26 PM,1211,1035,1.6732433487028926,95.78840579710145
2026-03-04,02:52:27 PM,1212,1037,1.698086136392326,95.62873674059787
2026-03-04,02:52:28 PM,1213,1037,1.740960567862256,95.5824493731919
2026-03-04,02:52:29 PM,1214,1037,1.7259313840557584,95.50144648023144
2026-03-04,02:52:30 PM,1215,1038,1.73257411021396,95.39210019267823
2026-03-04,02:52:31 PM,1216,1039,1.7268000047192797,95.34648700673725
2026-03-04,02:52:32 PM,1217,1041,1.72171013074006,95.0355427473583
2026-03-04,02:52:33 PM,1218,1041,1.7087102541813581,94.76368876080691
2026-03-04,02:52:34 PM,1219,1039,1.704796926959808,94.21174205967276
2026-03-04,02:52:35 PM,1220,1043,1.756317958881428,93.11792905081495
2026-03-04,02:52:36 PM,1221,1043,1.744939083711029,92.71812080536913
2026-03-04,02:52:37 PM,1222,1044,1.7832805244355552,92.59099616858238
2026-03-04,02:52:38 PM,1223,1046,1.8437333631784827,92.52676864244742
2026-03-04,02:52:39 PM,1224,1050,1.8903026748756513,92.07333333333334
2026-03-04,02:52:40 PM,1225,1048,1.9259822416352268,92.10019083969466
2026-03-04,02:52:41 PM,1226,1052,2.0160508504886088,91.68441064638783
2026-03-04,02:52:42 PM,1227,1052,2.099807166217474,91.47148288973384
2026-03-04,02:52:43 PM,1228,1053,2.167610177180536,90.80531813865147
2026-03-04,02:52:44 PM,1229,1056,2.1956540671808487,89.94791666666667
2026-03-04,02:52:45 PM,1230,1060,2.1754365834402107,89.42735849056604
2026-03-04,02:52:46 PM,1231,1061,2.1398535103807985,89.32799245994345
2026-03-04,02:52:47 PM,1232,1062,2.11038762795783,89.41148775894538
2026-03-04,02:52:48 PM,1233,1063,2.056335012940531,88.90968955785513
2026-03-04,02:52:49 PM,1234,1064,2.0379893423565134,88.35056390977444
2026-03-04,02:52:50 PM,1235,1066,1.993021970721745,88.0984990619137
2026-03-04,02:52:51 PM,1236,1068,1.9561324142087957,87.54213483146067
2026-03-04,02:52:52 PM,1237,1070,1.9417837598816103,87.47476635514019
2026-03-04,02:52:53 PM,1238,1072,1.9318031011028056,87.11847014925372
2026-03-04,02:52:54 PM,1239,1073,1.9085580602318313,86.88723205964585
2026-03-04,02:52:55 PM,1240,1074,1.9290944030115436,86.88919925512104
2026-03-04,02:52:56 PM,1241,1074,1.9240086276898671,86.72160148975792
2026-03-04,02:52:57 PM,1242,1075,1.9202628967947486,86.73581395348837
2026-03-04,02:52:58 PM,1243,1076,1.9152205477401694,86.4135687732342
2026-03-04,02:52:59 PM,1244,1078,1.9424055409365055,86.16419294990723
2026-03-04,02:53:00 PM,1245,1079,1.9623356084665726,85.7386468952734
2026-03-04,02:53:01 PM,1246,1079,1.964882089357974,85.1890639481001
2026-03-04,02:53:02 PM,1247,1077,1.9526653498452067,85.25905292479109
2026-03-04,02:53:03 PM,1248,1075,1.9634120857942257,85.34976744186046
2026-03-04,02:53:04 PM,1249,1076,1.9867549202706942,84.97862453531599
2026-03-04,02:53:05 PM,1250,1075,1.9414570495395285,85.17302325581396
2026-03-04,02:53:06 PM,1251,1076,1.9358228154525339,85.17007434944237
2026-03-04,02:53:07 PM,1252,1076,1.9667342465211628,85.41263940520446
2026-03-04,02:53:08 PM,1253,1076,1.9908349344595893,85.635687732342
2026-03-04,02:53:09 PM,1254,1078,2.0421615068309977,85.7152133580705
2026-03-04,02:53:10 PM,1255,1079,2.051483903060762,85.8368860055607
2026-03-04,02:53:11 PM,1256,1080,2.02268469456789,85.975
2026-03-04,02:53:12 PM,1257,1082,2.0353890344201733,86.01478743068392
2026-03-04,02:53:13 PM,1258,1084,2.041091161929241,86.17527675276753
2026-03-04,02:53:14 PM,1259,1085,2.003061755831429,86.036866359447
2026-03-04,02:53:15 PM,1260,1084,1.94329158859415,86.08487084870849
2026-03-04,02:53:16 PM,1261,1085,1.8841462130899718,86.16036866359447
2026-03-04,02:53:17 PM,1262,1085,1.8516335073649928,86.36129032258064
2026-03-04,02:53:18 PM,1263,1086,1.852892613648005,86.34346224677716
2026-03-04,02:53:19 PM,1264,1087,1.8931527615667927,85.7966881324747
2026-03-04,02:53:20 PM,1265,1088,1.931374909356903,85.61213235294117
2026-03-04,02:53:21 PM,1266,1090,1.9687784363459482,85.74770642201835
2026-03-04,02:53:22 PM,1267,1089,1.975722959292109,85.84113865932048
2026-03-04,02:53:23 PM,1268,1088,1.9319091467035434,86.11672794117646
2026-03-04,02:53:24 PM,1269,1090,1.949545300137885,85.84678899082569
2026-03-04,02:53:25 PM,1270,1091,1.9943070762826445,85.46104491292392
2026-03-04,02:53:26 PM,1271,1094,2.037390837791319,85.0018281535649
2026-03-04,02:53:27 PM,1272,1095,2.0405375001450055,84.77625570776256
2026-03-04,02:53:28 PM,1273,1096,2.0444397428425365,84.70711678832117
2026-03-04,02:53:29 PM,1274,1097,2.0089363503987583,84.52871467639015
2026-03-04,02:53:30 PM,1275,1100,1.9928575550404681,83.87636363636364
2026-03-04,02:53:31 PM,1276,1100,1.980157200765112,83.77727272727273
2026-03-04,02:53:32 PM,1277,1101,1.9529257961335034,83.5558583106267
2026-03-04,02:53:33 PM,1278,1100,1.9681043145222037,83.72272727272727
2026-03-04,02:53:34 PM,1279,1102,1.9634866717264592,83.502722323049
2026-03-04,02:53:35 PM,1280,1100,1.9642000401630448,83.51454545454546
2026-03-04,02:53:36 PM,1281,1101,1.9542865742164846,83.26339691189827
2026-03-04,02:53:37 PM,1282,1104,1.9676129529498283,82.97554347826087
2026-03-04,02:53:38 PM,1283,1107,1.9882625155678928,82.60975609756098
2026-03-04,02:53:39 PM,1284,1107,2.015255596401899,82.52393857271906
2026-03-04,02:53:40 PM,1285,1108,2.0267834823379807,82.38267148014441
2026-03-04,02:53:41 PM,1286,1107,2.003147441130345,82.14453477868112
2026-03-04,02:53:42 PM,1287,1106,2.007284198061962,81.55967450271248
2026-03-04,02:53:43 PM,1288,1107,2.0098032330107647,80.82294489611563
2026-03-04,02:53:44 PM,1289,1104,1.9623158935027247,80.59601449275362
2026-03-04,02:53:45 PM,1290,1106,1.9908988283939617,79.57956600361663
2026-03-04,02:53:46 PM,1291,1108,1.971980258038953,78.90974729241877
2026-03-04,02:53:47 PM,1292,1107,1.941690283333615,78.19060523938573
2026-03-04,02:53:48 PM,1293,1107,1.8791559067883343,77.43992773261066
2026-03-04,02:53:49 PM,1294,1110,1.8595460872554972,76.32612612612613
2026-03-04,02:53:50 PM,1295,1112,1.8386144598712402,75.31474820143885
2026-03-04,02:53:51 PM,1296,1113,1.8248905355468428,74.42048517520216
2026-03-04,02:53:52 PM,1297,1112,1.8212914677140533,73.42446043165468
2026-03-04,02:53:53 PM,1298,1113,1.8556183755977622,72.87241689128481
2026-03-04,02:53:54 PM,1299,1114,1.8323438679042006,72.44344703770197
2026-03-04,02:53:55 PM,1300,1115,1.7970838180490993,72.44304932735426
2026-03-04,02:53:56 PM,1301,1115,1.8074511972556275,72.37219730941705
2026-03-04,02:53:57 PM,1302,1118,1.8432674620463703,72.13685152057245
2026-03-04,02:53:58 PM,1303,1117,1.8535493322707766,72.06893464637422
2026-03-04,02:53:59 PM,1304,1116,1.8563196553249213,71.95071684587813
2026-03-04,02:54:00 PM,1305,1118,1.8853459735982259,71.77906976744185
2026-03-04,02:54:01 PM,1306,1120,1.883226373907282,71.81696428571429
2026-03-04,02:54:02 PM,1307,1120,1.8504132212478306,72.24821428571428
2026-03-04,02:54:03 PM,1308,1122,1.8065780874252366,72.56684491978609
2026-03-04,02:54:04 PM,1309,1124,1.7923215717236132,72.86832740213524
2026-03-04,02:54:05 PM,1310,1125,1.7950132151414993,73.368
2026-03-04,02:54:06 PM,1311,1125,1.803421397911484,73.72888888888889
2026-03-04,02:54:07 PM,1312,1126,1.7709875403685198,74.18916518650089
2026-03-04,02:54:08 PM,1313,1126,1.7605641498318618,74.68028419182949
2026-03-04,02:54:09 PM,1314,1128,1.762716254508085,74.75975177304964
2026-03-04,02:54:10 PM,1315,1127,1.74474538042456,74.95385980479148
2026-03-04,02:54:11 PM,1316,1128,1.7035716807016077,75.03014184397163
2026-03-04,02:54:12 PM,1317,1127,1.648246509118718,75.3620230700976
2026-03-04,02:54:13 PM,1318,1129,1.6327776025365182,75.47387068201948
2026-03-04,02:54:14 PM,1319,1130,1.6286991950372371,75.729203539823
2026-03-04,02:54:15 PM,1320,1131,1.6345053010558444,76.03536693191866
2026-03-04,02:54:16 PM,1321,1133,1.6406848139919874,76.306266548985
2026-03-04,02:54:17 PM,1322,1135,1.634230836541504,76.59559471365638
2026-03-04,02:54:18 PM,1323,1136,1.6217046408074447,76.86267605633803
2026-03-04,02:54:19 PM,1324,1138,1.647147209628233,77.13181019332161
2026-03-04,02:54:20 PM,1325,1138,1.7208409008694885,77.34446397188049
2026-03-04,02:54:21 PM,1326,1139,1.8078198543572719,77.22300263388938
2026-03-04,02:54:22 PM,1327,1139,1.8418978192515703,77.20544337137841
2026-03-04,02:54:23 PM,1328,1139,1.8771491568192014,77.26865671641791
2026-03-04,02:54:24 PM,1329,1141,1.8947476710526105,77.30587204206836
2026-03-04,02:54:25 PM,1330,1139,1.8896627023569377,77.50131694468833
2026-03-04,02:54:26 PM,1331,1142,1.872268151666773,77.22679509632223
2026-03-04,02:54:27 PM,1332,1140,1.8218849424736363,76.98771929824561
2026-03-04,02:54:28 PM,1333,1141,1.8062327890851702,76.56003505696758
2026-03-04,02:54:29 PM,1334,1142,1.8510668399218981,76.67162872154115
2026-03-04,02:54:30 PM,1335,1144,1.8685350084619483,76.50174825174825
2026-03-04,02:54:31 PM,1336,1142,1.872970091764355,76.67425569176882
2026-03-04,02:54:32 PM,1337,1142,1.8666342581144975,76.75306479859896
2026-03-04,02:54:33 PM,1338,1142,1.8928060617770897,76.82224168126095
2026-03-04,02:54:34 PM,1339,1142,1.9441715638677826,76.98248686514886
2026-03-04,02:54:35 PM,1340,1142,1.9567608533234382,77.0323992994746
2026-03-04,02:54:36 PM,1341,1141,1.9186925603225782,76.74758983347941
2026-03-04,02:54:37 PM,1342,1141,1.8879939572896296,76.47589833479404
2026-03-04,02:54:38 PM,1343,1138,1.8510719756148633,76.23550087873463
2026-03-04,02:54:39 PM,1344,1141,1.9225397530953612,75.62313759859772
2026-03-04,02:54:40 PM,1345,1144,1.9504887176703094,74.92045454545455
2026-03-04,02:54:41 PM,1346,1145,1.9635297220823915,74.27248908296943
2026-03-04,02:54:42 PM,1347,1148,1.9697995974721219,73.5548780487805
2026-03-04,02:54:43 PM,1348,1148,1.9717791053199685,73.13066202090593
2026-03-04,02:54:44 PM,1349,1149,1.9951949343757662,72.46997389033943
2026-03-04,02:54:45 PM,1350,1148,2.0196951307008066,71.88937282229965
2026-03-04,02:54:46 PM,1351,1151,2.033010358889076,71.3136403127715
2026-03-04,02:54:47 PM,1352,1149,2.0170901624135134,71.21583986074847
2026-03-04,02:54:48 PM,1353,1149,2.0290202259956653,71.02349869451697
2026-03-04,02:54:49 PM,1354,1149,2.0688584838960606,71.08790252393385
2026-03-04,02:54:50 PM,1355,1151,2.039473835717686,71.02345786272807
2026-03-04,02:54:51 PM,1356,1152,2.0714850840138777,71.01041666666667
2026-03-04,02:54:52 PM,1357,1150,2.0643841540231014,71.07217391304347
2026-03-04,02:54:53 PM,1358,1151,2.0917911462541245,71.0668983492615
2026-03-04,02:54:54 PM,1359,1150,2.0776949256391317,70.96782608695652
2026-03-04,02:54:55 PM,1360,1153,2.059454859944423,70.62359063313096
2026-03-04,02:54:56 PM,1361,1154,2.0860276049661604,70.44280762564992
2026-03-04,02:54:57 PM,1362,1156,2.099700188401053,70.20501730103807
2026-03-04,02:54:58 PM,1363,1157,2.1102381925433273,70.17372515125324
2026-03-04,02:54:59 PM,1364,1157,2.0827981083414433,69.89887640449439
2026-03-04,02:55:00 PM,1365,1159,2.0662999662337462,69.5176876617774
2026-03-04,02:55:01 PM,1366,1160,2.062460477227658,69.1103448275862
2026-03-04,02:55:02 PM,1367,1159,2.0279077713502547,68.9137187230371
2026-03-04,02:55:03 PM,1368,1160,1.9308134886404964,68.71379310344828
2026-03-04,02:55:04 PM,1369,1160,1.907875978404019,68.77758620689656
2026-03-04,02:55:05 PM,1370,1160,1.8872644548504793,68.62931034482759
2026-03-04,02:55:06 PM,1371,1157,1.8039333022875663,68.64822817631807
2026-03-04,02:55:07 PM,1372,1156,1.7525015014045182,68.50865051903114
2026-03-04,02:55:08 PM,1373,1156,1.7370601440383486,68.57352941176471
2026-03-04,02:55:09 PM,1374,1157,1.7635522776809631,68.7009507346586
2026-03-04,02:55:10 PM,1375,1159,1.7910636246128222,68.95513373597929
2026-03-04,02:55:11 PM,1376,1161,1.8028821164006867,69.27217915590009
2026-03-04,02:55:12 PM,1377,1163,1.8243812180243413,69.49699054170249
2026-03-04,02:55:13 PM,1378,1162,1.812011056159083,69.86919104991394
2026-03-04,02:55:14 PM,1379,1160,1.7790615165057908,70.35431034482758
2026-03-04,02:55:15 PM,1380,1160,1.768213089201457,70.8896551724138
2026-03-04,02:55:16 PM,1381,1162,1.8108554817769922,71.14285714285714
2026-03-04,02:55:17 PM,1382,1162,1.8206751779738912,71.70654044750431
2026-03-04,02:55:18 PM,1383,1163,1.8319435669598647,72.25021496130697
2026-03-04,02:55:19 PM,1384,1166,1.8636382002323897,72.67924528301887
2026-03-04,02:55:20 PM,1385,1164,1.841813857155973,73.4192439862543
2026-03-04,02:55:21 PM,1386,1166,1.8644775348888116,73.90480274442538
2026-03-04,02:55:22 PM,1387,1167,1.905575257243793,73.94515852613539
2026-03-04,02:55:23 PM,1388,1168,1.8529448844124365,73.7611301369863
2026-03-04,02:55:24 PM,1389,1167,1.8416291792344155,73.62467866323908
2026-03-04,02:55:25 PM,1390,1167,1.8436951956772254,73.71636675235646
2026-03-04,02:55:26 PM,1391,1168,1.8263540210919516,73.36900684931507
2026-03-04,02:55:27 PM,1392,1168,1.8281045708980148,73.12243150684931
2026-03-04,02:55:28 PM,1393,1170,1.801825198005415,72.93418803418804
2026-03-04,02:55:29 PM,1394,1171,1.8112519985530835,72.91887275832622
2026-03-04,02:55:30 PM,1395,1173,1.8375326257160236,73.09377664109122
2026-03-04,02:55:31 PM,1396,1171,1.836529579131181,73.23911187019641
2026-03-04,02:55:32 PM,1397,1167,1.8356445682828106,72.84233076263925
2026-03-04,02:55:33 PM,1398,1167,1.815977679113166,71.74035989717224
2026-03-04,02:55:34 PM,1399,1168,1.7793144626787685,70.7902397260274
2026-03-04,02:55:35 PM,1400,1169,1.7771185810134729,69.65697177074422
2026-03-04,02:55:36 PM,1401,1171,1.7871894869483347,68.28351836037575
2026-03-04,02:55:37 PM,1402,1173,1.8139519864993017,67.57885763000853
2026-03-04,02:55:38 PM,1403,1174,1.8495495708081438,66.99659284497444
2026-03-04,02:55:39 PM,1404,1175,1.8499120510518492,66.44851063829788
2026-03-04,02:55:40 PM,1405,1174,1.803700580265473,66.07921635434413
2026-03-04,02:55:41 PM,1406,1174,1.7675753999414836,65.85860306643953
2026-03-04,02:55:42 PM,1407,1177,1.7157885577113337,65.53950722175021
2026-03-04,02:55:43 PM,1408,1180,1.7567388490272697,64.90084745762712
2026-03-04,02:55:44 PM,1409,1180,1.8108301064294958,64.45508474576272
2026-03-04,02:55:45 PM,1410,1178,1.8172240116460623,64.41426146010187
2026-03-04,02:55:46 PM,1411,1180,1.8427979603291487,63.73220338983051
2026-03-04,02:55:47 PM,1412,1182,1.838069203329132,63.044839255499156
2026-03-04,02:55:48 PM,1413,1185,1.8441558909826785,62.165400843881855
2026-03-04,02:55:49 PM,1414,1186,1.848077926910529,61.23693086003372
2026-03-04,02:55:50 PM,1415,1186,1.8902426104041703,60.711635750421586
2026-03-04,02:55:51 PM,1416,1188,1.8985714726321516,60.42087542087542
2026-03-04,02:55:52 PM,1417,1189,1.900446174939524,59.81665264928511
2026-03-04,02:55:53 PM,1418,1190,1.8607432239204462,59.18991596638656
2026-03-04,02:55:54 PM,1419,1190,1.8003223749201096,58.963025210084034
2026-03-04,02:55:55 PM,1420,1191,1.7376828166309666,58.3551637279597
2026-03-04,02:55:56 PM,1421,1192,1.7017692946128489,57.553691275167786
2026-03-04,02:55:57 PM,1422,1196,1.7310163049940113,56.99498327759197
2026-03-04,02:55:58 PM,1423,1197,1.7653359287083,57.09607351712615
2026-03-04,02:55:59 PM,1424,1196,1.8010790410143307,57.09866220735786
2026-03-04,02:56:00 PM,1425,1194,1.8155783119722757,56.74539363484087
2026-03-04,02:56:01 PM,1426,1196,1.8042019971749435,56.7433110367893
2026-03-04,02:56:02 PM,1427,1198,1.8085104268173324,56.652754590984976
2026-03-04,02:56:03 PM,1428,1198,1.8456897686046545,56.85058430717863
2026-03-04,02:56:04 PM,1429,1200,1.8243892307110359,56.91166666666667
2026-03-04,02:56:05 PM,1430,1202,1.8054900323851824,57.151414309484196
2026-03-04,02:56:06 PM,1431,1205,1.8018745531958158,57.15684647302905
2026-03-04,02:56:07 PM,1432,1205,1.8202754079390016,57.166804979253115
2026-03-04,02:56:08 PM,1433,1204,1.8140520258808697,57.42192691029901
2026-03-04,02:56:09 PM,1434,1204,1.8365035736174409,57.43604651162791
2026-03-04,02:56:10 PM,1435,1201,1.7898754898205167,57.52789342214821
2026-03-04,02:56:11 PM,1436,1202,1.7594009878954755,57.63976705490849
2026-03-04,02:56:12 PM,1437,1205,1.750581092988572,57.536929460580915
2026-03-04,02:56:13 PM,1438,1206,1.7495533073761562,57.643449419568825
2026-03-04,02:56:14 PM,1439,1208,1.7505452917305004,57.5182119205298
2026-03-04,02:56:15 PM,1440,1206,1.7661142050259149,57.907960199004975
2026-03-04,02:56:16 PM,1441,1209,1.8100574830845322,57.94706368899917
2026-03-04,02:56:17 PM,1442,1208,1.8396356734262527,58.216059602649004
2026-03-04,02:56:18 PM,1443,1211,1.8553885644232413,58.355078447564
2026-03-04,02:56:19 PM,1444,1212,1.8438675900531296,58.62953795379538
2026-03-04,02:56:20 PM,1445,1214,1.8836026053406643,58.898682042833606
2026-03-04,02:56:21 PM,1446,1216,1.9188525919605544,58.94983552631579
2026-03-04,02:56:22 PM,1447,1218,1.9439294377470526,59.28899835796388
2026-03-04,02:56:23 PM,1448,1220,1.9747196800801934,59.644262295081965
2026-03-04,02:56:24 PM,1449,1220,1.993469204901226,60.15245901639344
2026-03-04,02:56:25 PM,1450,1222,1.9933928227689641,60.5810147299509
2026-03-04,02:56:26 PM,1451,1221,1.9672238255786436,61.16625716625717
2026-03-04,02:56:27 PM,1452,1223,1.9696852266696123,61.634505314799675
2026-03-04,02:56:28 PM,1453,1223,1.938646975711527,62.09975470155356
2026-03-04,02:56:29 PM,1454,1227,1.890066197154119,62.37815810920945
2026-03-04,02:56:30 PM,1455,1228,1.8879507174219232,62.78745928338762
2026-03-04,02:56:31 PM,1456,1228,1.9181121292555467,63.1042345276873
2026-03-04,02:56:32 PM,1457,1231,1.9350746106062384,63.36230706742486
2026-03-04,02:56:33 PM,1458,1233,1.9376597583370012,63.7477696674777
2026-03-04,02:56:34 PM,1459,1231,1.887708877334391,64.37367993501219
2026-03-04,02:56:35 PM,1460,1229,1.8546318745049937,64.7453213995118
2026-03-04,02:56:36 PM,1461,1231,1.8476034686736154,65.089358245329
2026-03-04,02:56:37 PM,1462,1231,1.8571220223751466,65.56864337936636
2026-03-04,02:56:38 PM,1463,1233,1.867413583665696,65.90835360908353
2026-03-04,02:56:39 PM,1464,1234,1.8821342918832744,66.01782820097245
2026-03-04,02:56:40 PM,1465,1237,1.8867459483466014,66.01050929668553
2026-03-04,02:56:41 PM,1466,1238,1.8970860463112185,66.2156704361874
2026-03-04,02:56:42 PM,1467,1238,1.8864475462654136,66.46203554119548
2026-03-04,02:56:43 PM,1468,1239,1.8884626417634203,66.72962066182406
2026-03-04,02:56:44 PM,1469,1240,1.8519794184721095,66.7008064516129
2026-03-04,02:56:45 PM,1470,1243,1.8510699864330988,66.84392598551891
2026-03-04,02:56:46 PM,1471,1244,1.8359365138210595,67.03376205787781
2026-03-04,02:56:47 PM,1472,1244,1.7969188514354215,67.30225080385853
2026-03-04,02:56:48 PM,1473,1243,1.787255776772452,67.7288817377313
2026-03-04,02:56:49 PM,1474,1243,1.7738061305027,68.02735317779566
2026-03-04,02:56:50 PM,1475,1246,1.7665191451631426,68.39887640449439
2026-03-04,02:56:51 PM,1476,1247,1.7553472105091477,68.44426623897354
2026-03-04,02:56:52 PM,1477,1244,1.7135102928192505,68.70176848874598
2026-03-04,02:56:53 PM,1478,1245,1.7270466452982363,68.83453815261043
2026-03-04,02:56:54 PM,1479,1244,1.6992956300008806,69.18247588424437
2026-03-04,02:56:55 PM,1480,1245,1.6793797809638114,69.2859437751004
2026-03-04,02:56:56 PM,1481,1243,1.632387365469238,69.55993563958165
2026-03-04,02:56:57 PM,1482,1245,1.6213456768476988,69.55180722891566
2026-03-04,02:56:58 PM,1483,1247,1.6371848865469496,69.64635124298316
2026-03-04,02:56:59 PM,1484,1246,1.651827896206743,69.83065810593901
2026-03-04,02:57:00 PM,1485,1247,1.6470104357199482,70.06896551724138
2026-03-04,02:57:01 PM,1486,1246,1.6220262758911657,70.60433386837882
2026-03-04,02:57:02 PM,1487,1245,1.5940913657987015,71.0995983935743
2026-03-04,02:57:03 PM,1488,1247,1.613740621041677,71.28949478748997
2026-03-04,02:57:04 PM,1489,1249,1.6733146257469,71.43714971977582
2026-03-04,02:57:05 PM,1490,1247,1.6887656193280316,71.78027265437049
2026-03-04,02:57:06 PM,1491,1247,1.6925259459357234,72.00641539695269
2026-03-04,02:57:07 PM,1492,1249,1.6824470229315338,72.22417934347477
2026-03-04,02:57:08 PM,1493,1248,1.6904343024536421,72.78285256410257
2026-03-04,02:57:09 PM,1494,1248,1.6948682554322578,73.46794871794872
2026-03-04,02:57:10 PM,1495,1250,1.7025567177706664,74.0992
2026-03-04,02:57:11 PM,1496,1251,1.701574696562879,74.71782573940847
2026-03-04,02:57:12 PM,1497,1252,1.6776278253348635,75.35063897763578
2026-03-04,02:57:13 PM,1498,1251,1.5886084070476947,76.11350919264588
2026-03-04,02:57:14 PM,1499,1253,1.5579437646577126,76.69592976855547
2026-03-04,02:57:15 PM,1500,1254,1.56026167343732,77.19059011164275
2026-03-04,02:57:16 PM,1501,1255,1.551290397306665,77.80956175298805
2026-03-04,02:57:17 PM,1502,1257,1.5551332454464635,78.1073985680191
2026-03-04,02:57:18 PM,1503,1259,1.554240349743268,78.55123113582208
2026-03-04,02:57:19 PM,1504,1260,1.554858904570121,79.11111111111111
2026-03-04,02:57:20 PM,1505,1261,1.571691273564586,79.53925455987311
2026-03-04,02:57:21 PM,1506,1263,1.575902420204278,79.89073634204276
2026-03-04,02:57:22 PM,1507,1262,1.5752367510179035,80.38827258320127
2026-03-04,02:57:23 PM,1508,1263,1.5705980493533376,80.49010292953285
2026-03-04,02:57:24 PM,1509,1266,1.559617419205141,80.74170616113744
2026-03-04,02:57:25 PM,1510,1268,1.5573967594937772,81.0481072555205
2026-03-04,02:57:26 PM,1511,1269,1.548346940850355,81.42710795902285
2026-03-04,02:57:27 PM,1512,1269,1.5676872404145041,81.9117415287628
2026-03-04,02:57:28 PM,1513,1270,1.5397961200638992,82.18661417322835
2026-03-04,02:57:29 PM,1514,1272,1.5524087195244125,82.54402515723271
2026-03-04,02:57:30 PM,1515,1275,1.5893975642573124,82.84156862745098
2026-03-04,02:57:31 PM,1516,1277,1.6294427158098725,83.09945184025058
2026-03-04,02:57:32 PM,1517,1277,1.6641547741835914,83.2466718872357
2026-03-04,02:57:33 PM,1518,1277,1.6387444825131143,83.41973375097885
2026-03-04,02:57:34 PM,1519,1278,1.6250020756071637,83.63693270735524
2026-03-04,02:57:35 PM,1520,1280,1.6269216654400012,83.95234375
2026-03-04,02:57:36 PM,1521,1280,1.609040235346517,84.1375
2026-03-04,02:57:37 PM,1522,1279,1.5794034076136663,84.43862392494135
2026-03-04,02:57:38 PM,1523,1277,1.5534288787757737,84.66249021143305
2026-03-04,02:57:39 PM,1524,1277,1.510534098720916,84.88175411119812
2026-03-04,02:57:40 PM,1525,1279,1.5172385041414385,84.9319781078968
2026-03-04,02:57:41 PM,1526,1277,1.4952995657101047,85.02349256068912
2026-03-04,02:57:42 PM,1527,1279,1.5391264183867572,84.88741204065677
2026-03-04,02:57:43 PM,1528,1281,1.5624415583101665,84.31459797033567
2026-03-04,02:57:44 PM,1529,1280,1.5753935529159784,84.1734375
2026-03-04,02:57:45 PM,1530,1281,1.5586679245534003,83.97267759562841
2026-03-04,02:57:46 PM,1531,1280,1.5566826253987656,83.996875
2026-03-04,02:57:47 PM,1532,1281,1.5902388840507915,83.60499609679937
2026-03-04,02:57:48 PM,1533,1282,1.6131229456073188,83.25741029641186
2026-03-04,02:57:49 PM,1534,1284,1.6383661071970872,82.69470404984423
2026-03-04,02:57:50 PM,1535,1284,1.6358662155164796,82.55919003115265
2026-03-04,02:57:51 PM,1536,1285,1.6021668745491895,82.42568093385214
2026-03-04,02:57:52 PM,1537,1286,1.5847910385459385,82.53888024883359
2026-03-04,02:57:53 PM,1538,1286,1.5224538996534662,82.2760497667185
2026-03-04,02:57:54 PM,1539,1286,1.5182176532790703,82.02643856920685
2026-03-04,02:57:55 PM,1540,1289,1.5300983012259188,81.60046547711404
2026-03-04,02:57:56 PM,1541,1285,1.5073505910134044,81.92451361867704
2026-03-04,02:57:57 PM,1542,1288,1.5092949557206068,81.63742236024845
2026-03-04,02:57:58 PM,1543,1288,1.4814479193817263,81.56909937888199
2026-03-04,02:57:59 PM,1544,1290,1.5077284464096152,81.50232558139535
2026-03-04,02:58:00 PM,1545,1291,1.5094365413385942,81.03563129357087
2026-03-04,02:58:01 PM,1546,1291,1.4883788576799133,80.87219209914795
2026-03-04,02:58:02 PM,1547,1291,1.462018125809814,80.35708752904725
2026-03-04,02:58:03 PM,1548,1294,1.470910785096587,79.86630602782071
2026-03-04,02:58:04 PM,1549,1297,1.494028233868124,79.62143407864302
2026-03-04,02:58:05 PM,1550,1296,1.4806601303036175,79.45987654320987
2026-03-04,02:58:06 PM,1551,1298,1.4958976909539736,79.11864406779661
2026-03-04,02:58:07 PM,1552,1299,1.5075406340050017,79.1401077752117
2026-03-04,02:58:08 PM,1553,1300,1.4711045208067495,79.6
2026-03-04,02:58:09 PM,1554,1302,1.4709242522796502,79.78494623655914
2026-03-04,02:58:10 PM,1555,1303,1.4355930326284254,80.23561013046815
2026-03-04,02:58:11 PM,1556,1303,1.4071144623330296,80.82271680736761
2026-03-04,02:58:12 PM,1557,1303,1.3745610382727786,81.35456638526477
2026-03-04,02:58:13 PM,1558,1300,1.3356091454523713,82.12076923076923
2026-03-04,02:58:14 PM,1559,1304,1.3217324119072116,82.47085889570552
2026-03-04,02:58:15 PM,1560,1305,1.2964866068461365,82.9103448275862
2026-03-04,02:58:16 PM,1561,1306,1.285603412035384,83.43338437978561
2026-03-04,02:58:17 PM,1562,1307,1.2648521994722253,83.99234889058914
2026-03-04,02:58:18 PM,1563,1307,1.2641989068288273,84.69548584544759
2026-03-04,02:58:19 PM,1564,1308,1.2459702897027318,85.32492354740062
2026-03-04,02:58:20 PM,1565,1309,1.2392497316450823,85.74789915966386
2026-03-04,02:58:21 PM,1566,1310,1.238834465497173,86.11984732824428
2026-03-04,02:58:22 PM,1567,1312,1.2410537750245383,86.34298780487805
2026-03-04,02:58:23 PM,1568,1311,1.2575835636448043,86.79099923722349
2026-03-04,02:58:24 PM,1569,1311,1.2867800962120555,86.55530129672006
2026-03-04,02:58:25 PM,1570,1314,1.3028254457032176,86.1324200913242
2026-03-04,02:58:26 PM,1571,1314,1.3300413165692484,85.92922374429224
2026-03-04,02:58:27 PM,1572,1314,1.3601377474464122,85.90258751902587
2026-03-04,02:58:28 PM,1573,1315,1.3880194193362596,86.06311787072244
2026-03-04,02:58:29 PM,1574,1314,1.380962564049369,85.93607305936074
2026-03-04,02:58:30 PM,1575,1318,1.3863981751134051,85.36949924127465
2026-03-04,02:58:31 PM,1576,1321,1.3947242407773779,84.9553368660106
2026-03-04,02:58:32 PM,1577,1322,1.4042310988954954,84.85400907715582
2026-03-04,02:58:33 PM,1578,1324,1.4493193130538078,84.70921450151057
2026-03-04,02:58:34 PM,1579,1324,1.445665140382772,84.940332326284
2026-03-04,02:58:35 PM,1580,1327,1.4791155543952799,84.91183119819141
2026-03-04,02:58:36 PM,1581,1327,1.4885753727675768,84.88319517709118
2026-03-04,02:58:37 PM,1582,1328,1.4759973206215544,84.79593373493977
2026-03-04,02:58:38 PM,1583,1324,1.4063327430045787,84.7703927492447
2026-03-04,02:58:39 PM,1584,1325,1.4085761683799358,84.56226415094339
2026-03-04,02:58:40 PM,1585,1324,1.442179808242564,84.31873111782477
2026-03-04,02:58:41 PM,1586,1326,1.4807030636960452,84.0422322775264
2026-03-04,02:58:42 PM,1587,1325,1.498893818355296,84.12150943396226
2026-03-04,02:58:43 PM,1588,1328,1.5077708662203768,84.1762048192771
2026-03-04,02:58:44 PM,1589,1332,1.513992490262369,83.84684684684684
2026-03-04,02:58:45 PM,1590,1334,1.5220745457924103,83.87631184407796
2026-03-04,02:58:46 PM,1591,1336,1.5099677139408592,84.1938622754491
2026-03-04,02:58:47 PM,1592,1336,1.5085024070332418,84.41766467065868
2026-03-04,02:58:48 PM,1593,1337,1.5222478220583018,84.50037397157816
2026-03-04,02:58:49 PM,1594,1339,1.5296092197137148,84.47274085138163
2026-03-04,02:58:50 PM,1595,1341,1.5579199460453945,84.43922445935868
2026-03-04,02:58:51 PM,1596,1342,1.5805965975088057,84.39493293591654
2026-03-04,02:58:52 PM,1597,1343,1.5705976532021948,84.26507818317201
2026-03-04,02:58:53 PM,1598,1343,1.5772731486775917,84.09456440804169
2026-03-04,02:58:54 PM,1599,1343,1.6063895666509207,83.71407297096053
2026-03-04,02:58:55 PM,1600,1345,1.608969880840534,83.34721189591077
2026-03-04,02:58:56 PM,1601,1344,1.6273154932224312,83.09375
2026-03-04,02:58:57 PM,1602,1346,1.6497910346542022,82.5074294205052
2026-03-04,02:58:58 PM,1603,1343,1.63252915231116,81.85852568875652
2026-03-04,02:58:59 PM,1604,1344,1.641620638081251,81.40327380952381
2026-03-04,02:59:00 PM,1605,1346,1.6582740223395618,80.61887072808321
2026-03-04,02:59:01 PM,1606,1347,1.660336598956516,79.97550111358575
2026-03-04,02:59:02 PM,1607,1346,1.6432921500993805,79.66939078751858
2026-03-04,02:59:03 PM,1608,1346,1.6343155538299556,79.48068350668647
2026-03-04,02:59:04 PM,1609,1347,1.595623322264378,79.5916852264291
2026-03-04,02:59:05 PM,1610,1349,1.5774524530875766,79.50555967383247
2026-03-04,02:59:06 PM,1611,1351,1.5928117398183104,79.62842339008142
2026-03-04,02:59:07 PM,1612,1350,1.5759192520646337,80.10666666666667
2026-03-04,02:59:08 PM,1613,1351,1.5731698155338403,80.4041450777202
2026-03-04,02:59:09 PM,1614,1354,1.546652496813282,80.60635155096011
2026-03-04,02:59:10 PM,1615,1355,1.5292901813886601,80.9660516605166
2026-03-04,02:59:11 PM,1616,1355,1.543924964189756,81.37269372693727
2026-03-04,02:59:12 PM,1617,1352,1.5394682582724328,81.96745562130178
2026-03-04,02:59:13 PM,1618,1354,1.5357587570155915,82.301329394387
2026-03-04,02:59:14 PM,1619,1356,1.5397874115208592,82.72123893805309
2026-03-04,02:59:15 PM,1620,1358,1.5125215215606966,83.01251840942562
2026-03-04,02:59:16 PM,1621,1357,1.4804853255083308,83.53279292557112
2026-03-04,02:59:17 PM,1622,1359,1.464814727468772,83.86534216335541
2026-03-04,02:59:18 PM,1623,1361,1.4586054844305651,84.21454812637766
2026-03-04,02:59:19 PM,1624,1363,1.4744884650331342,84.44974321349963
2026-03-04,02:59:20 PM,1625,1362,1.4775857363562455,84.82892804698972
2026-03-04,02:59:21 PM,1626,1361,1.5223584315194836,85.22850844966936
2026-03-04,02:59:22 PM,1627,1362,1.5323155445338301,85.65051395007342
2026-03-04,02:59:23 PM,1628,1363,1.5421549080846522,85.96404988994864
2026-03-04,02:59:24 PM,1629,1364,1.5502978417307085,86.3966275659824
2026-03-04,02:59:25 PM,1630,1365,1.5715921984182077,86.7032967032967
2026-03-04,02:59:26 PM,1631,1362,1.57274012503831,86.98311306901616
2026-03-04,02:59:27 PM,1632,1363,1.5869884894763842,87.11958914159942
2026-03-04,02:59:28 PM,1633,1362,1.5358338158799614,87.31938325991189
2026-03-04,02:59:29 PM,1634,1363,1.4943149116188355,87.79236977256053
2026-03-04,02:59:30 PM,1635,1363,1.4316254787159743,88.37637564196625
2026-03-04,02:59:31 PM,1636,1362,1.39666480146426,88.93538913362701
2026-03-04,02:59:32 PM,1637,1363,1.370700139339733,89.33822450476889
2026-03-04,02:59:33 PM,1638,1362,1.35490799271368,89.63803230543319
2026-03-04,02:59:34 PM,1639,1363,1.3639586066548433,89.72560528246515
2026-03-04,02:59:35 PM,1640,1363,1.3903718769437068,89.90755685986794
2026-03-04,02:59:36 PM,1641,1364,1.4127357374239753,90.06011730205279
2026-03-04,02:59:37 PM,1642,1367,1.4554747087906763,90.06071689831748
2026-03-04,02:59:38 PM,1643,1367,1.456562111621029,90.0
2026-03-04,02:59:39 PM,1644,1370,1.4437857382507606,89.76861313868613
2026-03-04,02:59:40 PM,1645,1373,1.4935267531074456,89.54479242534596
2026-03-04,02:59:41 PM,1646,1372,1.480062910393067,89.13483965014578
2026-03-04,02:59:42 PM,1647,1374,1.4578431178298497,88.372634643377
2026-03-04,02:59:43 PM,1648,1374,1.4371225377340406,87.98034934497817
2026-03-04,02:59:44 PM,1649,1376,1.456150554823882,86.99491279069767
2026-03-04,02:59:45 PM,1650,1377,1.5069017358917605,86.40595497458243
2026-03-04,02:59:46 PM,1651,1379,1.5191992010210345,84.97969543147208
2026-03-04,02:59:47 PM,1652,1380,1.539175819858114,83.94782608695652
2026-03-04,02:59:48 PM,1653,1378,1.5413330762606259,83.6654571843251
2026-03-04,02:59:49 PM,1654,1379,1.5304289113650584,82.9804205946338
2026-03-04,02:59:50 PM,1655,1380,1.5263319223614118,82.51304347826087
2026-03-04,02:59:51 PM,1656,1381,1.5309748268762347,82.04561911658219
2026-03-04,02:59:52 PM,1657,1383,1.5371248247824814,81.32971800433839
2026-03-04,02:59:53 PM,1658,1386,1.5299896602762504,80.76190476190476
2026-03-04,02:59:54 PM,1659,1387,1.538999532223296,80.50540735400145
2026-03-04,02:59:55 PM,1660,1387,1.5553704856756372,80.5832732516222
2026-03-04,02:59:56 PM,1661,1389,1.5957929057434599,80.46652267818574
2026-03-04,02:59:57 PM,1662,1387,1.6456163132265218,80.23720259552992
2026-03-04,02:59:58 PM,1663,1389,1.6338603569646748,79.8963282937365
2026-03-04,02:59:59 PM,1664,1389,1.5926439087810622,79.8581713462923
2026-03-04,03:00:00 PM,1665,1392,1.570668748046823,79.83333333333333
2026-03-04,03:00:01 PM,1666,1394,1.5367079339572813,79.88163558106169
2026-03-04,03:00:02 PM,1667,1397,1.5095180041428038,79.91624910522549
2026-03-04,03:00:03 PM,1668,1399,1.474696306025302,80.06576125804146
2026-03-04,03:00:04 PM,1669,1399,1.4896922089215596,80.13938527519657
2026-03-04,03:00:05 PM,1670,1400,1.465162579958534,80.04642857142858
2026-03-04,03:00:06 PM,1671,1401,1.4188591765950214,79.97715917201998
2026-03-04,03:00:07 PM,1672,1402,1.4127489142966645,80.05634807417974
2026-03-04,03:00:08 PM,1673,1404,1.4105454306209657,80.29629629629629
2026-03-04,03:00:09 PM,1674,1405,1.377925405611833,80.6661921708185
2026-03-04,03:00:10 PM,1675,1406,1.3847224316720865,81.14224751066857
2026-03-04,03:00:11 PM,1676,1406,1.3627803104981238,81.80654338549076
2026-03-04,03:00:12 PM,1677,1407,1.3181665892570231,82.40867093105899
2026-03-04,03:00:13 PM,1678,1408,1.3261813037700074,83.01917613636364
2026-03-04,03:00:14 PM,1679,1407,1.3291987514565429,83.70646766169155
2026-03-04,03:00:15 PM,1680,1408,1.3502770291454291,84.28764204545455
2026-03-04,03:00:16 PM,1681,1410,1.3496953607401532,84.74893617021277
2026-03-04,03:00:17 PM,1682,1412,1.3671146837688484,85.25354107648725
2026-03-04,03:00:18 PM,1683,1414,1.3858861661206336,85.77581329561528
2026-03-04,03:00:19 PM,1684,1414,1.3766923877939983,86.41937765205093
2026-03-04,03:00:20 PM,1685,1415,1.3894015110016913,86.98657243816254
2026-03-04,03:00:21 PM,1686,1417,1.381309614968737,87.53916725476358
2026-03-04,03:00:22 PM,1687,1418,1.3714540025384079,88.26939351198871
2026-03-04,03:00:23 PM,1688,1417,1.3515084908300712,89.07268877911079
2026-03-04,03:00:24 PM,1689,1419,1.3326654266731452,89.66878083157152
2026-03-04,03:00:25 PM,1690,1419,1.2957427471920344,90.42212825933755
2026-03-04,03:00:26 PM,1691,1421,1.2933337630399262,91.03166783954961
2026-03-04,03:00:27 PM,1692,1421,1.2675803194508686,91.78184377199156
2026-03-04,03:00:28 PM,1693,1423,1.2790001908906101,92.21152494729445
2026-03-04,03:00:29 PM,1694,1424,1.2892275208559187,92.6369382022472
2026-03-04,03:00:30 PM,1695,1423,1.293534178193128,92.82993675333802
2026-03-04,03:00:31 PM,1696,1423,1.275156799228604,92.95291637385805
2026-03-04,03:00:32 PM,1697,1424,1.2916775679240442,92.92345505617978
2026-03-04,03:00:33 PM,1698,1423,1.2628664785261583,93.00562192550949
2026-03-04,03:00:34 PM,1699,1423,1.2278384364821076,92.63387210119465
2026-03-04,03:00:35 PM,1700,1423,1.1943418827527292,92.10260014054813
2026-03-04,03:00:36 PM,1701,1424,1.1719845995690858,91.88412921348315
2026-03-04,03:00:37 PM,1702,1426,1.1792120756914546,91.35203366058906
2026-03-04,03:00:38 PM,1703,1429,1.1955898275657324,90.592722183345
2026-03-04,03:00:39 PM,1704,1429,1.2225068450838494,89.60461861441567
2026-03-04,03:00:40 PM,1705,1428,1.245109016193442,88.45098039215686
2026-03-04,03:00:41 PM,1706,1428,1.2619081558984775,87.55602240896359
2026-03-04,03:00:42 PM,1707,1429,1.2562199675283847,86.42687193841847
2026-03-04,03:00:43 PM,1708,1429,1.2722332145002695,85.33659902029392
2026-03-04,03:00:44 PM,1709,1430,1.2790400709912426,83.96713286713286
2026-03-04,03:00:45 PM,1710,1434,1.2800372961972875,82.68619246861925
2026-03-04,03:00:46 PM,1711,1433,1.275761747460674,82.28053035589672
2026-03-04,03:00:47 PM,1712,1433,1.244124257970619,82.10048848569434
2026-03-04,03:00:48 PM,1713,1435,1.267327863859124,81.54355400696865
2026-03-04,03:00:49 PM,1714,1437,1.291621729417463,81.06541405706332
2026-03-04,03:00:50 PM,1715,1439,1.2904235076671111,80.10910354412786
2026-03-04,03:00:51 PM,1716,1443,1.3233448776018222,79.54469854469855
2026-03-04,03:00:52 PM,1717,1442,1.3580923386915074,78.88418862690708
2026-03-04,03:00:53 PM,1718,1445,1.3799659064280372,78.1044982698962
2026-03-04,03:00:54 PM,1719,1446,1.3963371586486137,77.79322268326418
2026-03-04,03:00:55 PM,1720,1445,1.3902458472583477,77.66020761245674
2026-03-04,03:00:56 PM,1721,1443,1.3635034832607056,77.31947331947332
2026-03-04,03:00:57 PM,1722,1444,1.3807871666138694,77.17590027700831
2026-03-04,03:00:58 PM,1723,1445,1.3909434109306318,76.55778546712803
2026-03-04,03:00:59 PM,1724,1448,1.4171472258482771,75.88881215469613
2026-03-04,03:01:00 PM,1725,1450,1.4424244260060002,75.23379310344828
2026-03-04,03:01:01 PM,1726,1449,1.4578476931807072,74.68253968253968
2026-03-04,03:01:02 PM,1727,1450,1.4469782476982007,73.79379310344828
2026-03-04,03:01:03 PM,1728,1452,1.4821209848692098,73.11501377410468
2026-03-04,03:01:04 PM,1729,1454,1.487906209355283,72.40646492434664
2026-03-04,03:01:05 PM,1730,1454,1.503988866479905,72.13136176066024
2026-03-04,03:01:06 PM,1731,1456,1.5076681140418342,71.64835164835165
2026-03-04,03:01:07 PM,1732,1459,1.5110837183587769,71.22206991089787
2026-03-04,03:01:08 PM,1733,1460,1.521996537488201,70.82328767123288
2026-03-04,03:01:09 PM,1734,1461,1.517458950649869,70.70636550308008
2026-03-04,03:01:10 PM,1735,1461,1.4996501787232126,70.50376454483231
2026-03-04,03:01:11 PM,1736,1461,1.483682886624743,70.36550308008214
2026-03-04,03:01:12 PM,1737,1464,1.4867857026197933,70.17486338797814
2026-03-04,03:01:13 PM,1738,1465,1.4776843728959583,69.98907849829351
2026-03-04,03:01:14 PM,1739,1466,1.4609776953881617,69.962482946794
2026-03-04,03:01:15 PM,1740,1468,1.4452222265678711,70.15803814713897
2026-03-04,03:01:16 PM,1741,1469,1.4097247949841052,70.59360108917632
2026-03-04,03:01:17 PM,1742,1470,1.4031994315846923,70.80204081632652
2026-03-04,03:01:18 PM,1743,1470,1.381235189544862,71.02448979591837
2026-03-04,03:01:19 PM,1744,1470,1.3815842407063457,71.19455782312926
2026-03-04,03:01:20 PM,1745,1472,1.390148254874383,71.33899456521739
2026-03-04,03:01:21 PM,1746,1473,1.343276072892761,71.47997284453496
2026-03-04,03:01:22 PM,1747,1471,1.3079859168002455,71.64445955132562
2026-03-04,03:01:23 PM,1748,1471,1.3086584812242505,71.63902107409925
2026-03-04,03:01:24 PM,1749,1473,1.3349923427956514,71.40936863543789
2026-03-04,03:01:25 PM,1750,1475,1.397039818340381,71.6006779661017
2026-03-04,03:01:26 PM,1751,1476,1.4025157661245045,71.61178861788618
2026-03-04,03:01:27 PM,1752,1478,1.4127464153787441,71.86671177266577
2026-03-04,03:01:28 PM,1753,1479,1.4333785292584815,72.183908045977
2026-03-04,03:01:29 PM,1754,1481,1.4120531842796487,72.47670492910196
2026-03-04,03:01:30 PM,1755,1482,1.3812214119006783,72.70647773279352
2026-03-04,03:01:31 PM,1756,1483,1.3593171025870114,72.9689817936615
2026-03-04,03:01:32 PM,1757,1484,1.322260215915225,73.18194070080862
2026-03-04,03:01:33 PM,1758,1483,1.2977812541303364,73.51854349291976
2026-03-04,03:01:34 PM,1759,1482,1.274542030026088,73.67341430499326
2026-03-04,03:01:35 PM,1760,1482,1.2885853010177042,73.67948717948718
2026-03-04,03:01:36 PM,1761,1481,1.2665709424457716,73.87170830519919
2026-03-04,03:01:37 PM,1762,1482,1.2880596874074686,74.0944669365722
2026-03-04,03:01:38 PM,1763,1484,1.282194186975427,74.26078167115902
2026-03-04,03:01:39 PM,1764,1487,1.2623412963203473,74.43308675184936
2026-03-04,03:01:40 PM,1765,1489,1.276254693125388,74.56346541302888
2026-03-04,03:01:41 PM,1766,1491,1.288768264634881,74.70422535211267
2026-03-04,03:01:42 PM,1767,1491,1.2840621113803063,74.97987927565393
2026-03-04,03:01:43 PM,1768,1491,1.2699231945250677,75.26760563380282
2026-03-04,03:01:44 PM,1769,1493,1.2367887589548092,75.37508372404555
2026-03-04,03:01:45 PM,1770,1494,1.2415839215638622,75.74497991967871
2026-03-04,03:01:46 PM,1771,1495,1.258880215401828,76.12709030100335
2026-03-04,03:01:47 PM,1772,1497,1.2879878469671693,76.46426185704743
2026-03-04,03:01:48 PM,1773,1497,1.3032795019834829,76.75818303273213
2026-03-04,03:01:49 PM,1774,1498,1.3534249942317793,77.01869158878505
2026-03-04,03:01:50 PM,1775,1495,1.357334750417488,77.53311036789297
2026-03-04,03:01:51 PM,1776,1497,1.356285370360398,77.45424181696727
2026-03-04,03:01:52 PM,1777,1498,1.3671428245130903,77.4305740987984
2026-03-04,03:01:53 PM,1778,1498,1.3504430766838986,77.61815754339119
2026-03-04,03:01:54 PM,1779,1500,1.3151506076211366,77.42733333333334
2026-03-04,03:01:55 PM,1780,1501,1.3141050195935156,77.2838107928048
2026-03-04,03:01:56 PM,1781,1502,1.3356236472669583,77.41478029294274
2026-03-04,03:01:57 PM,1782,1504,1.3402187657685267,77.42021276595744
2026-03-04,03:01:58 PM,1783,1503,1.3511850408089843,77.208250166334
2026-03-04,03:01:59 PM,1784,1503,1.3287850032345827,77.05189620758483
2026-03-04,03:02:00 PM,1785,1503,1.329775452476539,77.04657351962742
2026-03-04,03:02:01 PM,1786,1503,1.319720236376414,77.29607451763141
2026-03-04,03:02:02 PM,1787,1505,1.307458413464373,77.26910299003322
2026-03-04,03:02:03 PM,1788,1508,1.2786982208094335,77.24933687002653
2026-03-04,03:02:04 PM,1789,1510,1.2469437216435804,77.20596026490067
2026-03-04,03:02:05 PM,1790,1511,1.232398617102235,77.30311052283255
2026-03-04,03:02:06 PM,1791,1509,1.218010974080797,77.47978793903248
2026-03-04,03:02:07 PM,1792,1512,1.230541935385462,77.53571428571429
2026-03-04,03:02:08 PM,1793,1514,1.2708510483927196,77.28071334214003
2026-03-04,03:02:09 PM,1794,1515,1.3100461309474742,77.20132013201321
2026-03-04,03:02:10 PM,1795,1515,1.3370897568701434,77.38019801980198
2026-03-04,03:02:11 PM,1796,1516,1.3495928666357948,77.44129287598945
2026-03-04,03:02:12 PM,1797,1516,1.3590811421508353,77.38654353562005
2026-03-04,03:02:13 PM,1798,1518,1.3580605793132923,77.31752305665349
2026-03-04,03:02:14 PM,1799,1516,1.3386294644023977,77.60554089709763
2026-03-04,03:02:15 PM,1800,1516,1.3332590175485795,77.7664907651715
2026-03-04,03:02:16 PM,1801,1516,1.3170578017732943,77.938654353562
2026-03-04,03:02:17 PM,1802,1516,1.2899098210864097,78.08311345646437
2026-03-04,03:02:18 PM,1803,1517,1.258616385506405,78.41199736321687
2026-03-04,03:02:19 PM,1804,1517,1.2103121759444904,78.67633487145682
2026-03-04,03:02:20 PM,1805,1518,1.1942157985711737,79.12252964426878
2026-03-04,03:02:21 PM,1806,1519,1.1691446149185494,79.60829493087557
2026-03-04,03:02:22 PM,1807,1521,1.1714056207928514,80.02958579881657
2026-03-04,03:02:23 PM,1808,1522,1.1618607428019938,80.24113009198423
2026-03-04,03:02:24 PM,1809,1522,1.1496646011446365,80.77858081471747
2026-03-04,03:02:25 PM,1810,1525,1.127099950441795,81.08262295081967
2026-03-04,03:02:26 PM,1811,1524,1.1127826573421686,81.71587926509186
2026-03-04,03:02:27 PM,1812,1527,1.1304473081543944,81.86836935166994
2026-03-04,03:02:28 PM,1813,1529,1.1069539737881147,82.07259646827993
2026-03-04,03:02:29 PM,1814,1531,1.0910568585563747,82.30176355323319
2026-03-04,03:02:30 PM,1815,1531,1.0678814943324402,82.6074461136512
2026-03-04,03:02:31 PM,1816,1531,1.0529792779351344,82.88830829523188
2026-03-04,03:02:32 PM,1817,1532,1.0638928006253834,83.05613577023499
2026-03-04,03:02:33 PM,1818,1533,1.0755344881921514,83.01826484018265
2026-03-04,03:02:34 PM,1819,1535,1.0747463973803348,83.2371335504886
2026-03-04,03:02:35 PM,1820,1535,1.0826185120516005,83.58175895765473
2026-03-04,03:02:36 PM,1821,1537,1.11070410677123,83.9167208848406
2026-03-04,03:02:37 PM,1822,1538,1.1217431580751172,84.35825747724317
2026-03-04,03:02:38 PM,1823,1539,1.142329037783148,84.94282001299545
2026-03-04,03:02:39 PM,1824,1539,1.166843707728105,85.44639376218323
2026-03-04,03:02:40 PM,1825,1540,1.1412446902438753,85.8987012987013
2026-03-04,03:02:41 PM,1826,1542,1.1558855455132433,86.33398184176394
2026-03-04,03:02:42 PM,1827,1544,1.1091215313869656,86.79533678756476
2026-03-04,03:02:43 PM,1828,1544,1.0539244467420796,87.24611398963731
2026-03-04,03:02:44 PM,1829,1545,1.0047907478899905,87.65631067961165
2026-03-04,03:02:45 PM,1830,1546,0.9875615146866894,87.86545924967659
2026-03-04,03:02:46 PM,1831,1549,0.9767828225874077,87.99289864428664
2026-03-04,03:02:47 PM,1832,1551,0.9708060018482175,88.16505480335267
2026-03-04,03:02:48 PM,1833,1552,0.9459432303226979,88.57474226804123
2026-03-04,03:02:49 PM,1834,1552,0.9231539329348109,89.10244845360825
2026-03-04,03:02:50 PM,1835,1553,0.9289579168260685,89.54024468770122
2026-03-04,03:02:51 PM,1836,1554,0.9245069638197293,90.003861003861
2026-03-04,03:02:52 PM,1837,1556,0.9189922788187588,90.4318766066838
2026-03-04,03:02:53 PM,1838,1557,0.9091564318631784,90.74309569685292
2026-03-04,03:02:54 PM,1839,1559,0.8838226983907825,90.94996792815908
2026-03-04,03:02:55 PM,1840,1561,0.8733403906435563,91.18641896220372
2026-03-04,03:02:56 PM,1841,1562,0.8606696558698761,91.89308578745198
2026-03-04,03:02:57 PM,1842,1564,0.8465939167676636,92.34143222506394
2026-03-04,03:02:58 PM,1843,1564,0.8093735303980694,92.71994884910485
2026-03-04,03:02:59 PM,1844,1565,0.7831767776766627,92.79744408945687
2026-03-04,03:03:00 PM,1845,1566,0.7683148119481501,92.89463601532567
2026-03-04,03:03:01 PM,1846,1569,0.7704247434593834,93.11217335882728
2026-03-04,03:03:02 PM,1847,1570,0.7871015375658925,92.92292993630574
2026-03-04,03:03:03 PM,1848,1571,0.7909287969411903,93.17377466581794
2026-03-04,03:03:04 PM,1849,1573,0.7770200761134527,93.25937698664971
2026-03-04,03:03:05 PM,1850,1572,0.7455293691431114,93.43765903307889
2026-03-04,03:03:06 PM,1851,1574,0.7342681751794843,93.7287166454892
2026-03-04,03:03:07 PM,1852,1575,0.7539319968020407,94.06730158730159
2026-03-04,03:03:08 PM,1853,1575,0.7764555486167273,94.27873015873016
2026-03-04,03:03:09 PM,1854,1576,0.7840892605178069,94.42893401015229
2026-03-04,03:03:10 PM,1855,1577,0.7904813192117354,94.60240963855422
2026-03-04,03:03:11 PM,1856,1579,0.7893349354884165,94.82203926535782
2026-03-04,03:03:12 PM,1857,1580,0.7873290492182927,95.19367088607595
2026-03-04,03:03:13 PM,1858,1580,0.7917187725669386,95.48987341772153
2026-03-04,03:03:14 PM,1859,1581,0.8160691580025646,95.91967109424415
2026-03-04,03:03:15 PM,1860,1579,0.8024754636744099,96.64597846738442
2026-03-04,03:03:16 PM,1861,1579,0.8085811078568801,97.16909436352121
2026-03-04,03:03:17 PM,1862,1581,0.8010863082876872,97.46489563567363
2026-03-04,03:03:18 PM,1863,1583,0.8115812555743418,97.86355022109917
2026-03-04,03:03:19 PM,1864,1583,0.809828738761718,98.27732154137713
2026-03-04,03:03:20 PM,1865,1585,0.8246854955417804,98.66624605678233
2026-03-04,03:03:21 PM,1866,1586,0.8052825787561141,99.21941992433796
2026-03-04,03:03:22 PM,1867,1590,0.8295663509872788,99.5874213836478
2026-03-04,03:03:23 PM,1868,1589,0.8046072336018119,100.32599118942731
2026-03-04,03:03:24 PM,1869,1591,0.8043321818310217,100.91074795725959
2026-03-04,03:03:25 PM,1870,1593,0.8230303260249192,101.46327683615819
2026-03-04,03:03:26 PM,1871,1595,0.8325285598184945,102.02006269592476
2026-03-04,03:03:27 PM,1872,1598,0.8463564175587999,102.5162703379224
2026-03-04,03:03:28 PM,1873,1598,0.8490438526778469,103.15832290362954
2026-03-04,03:03:29 PM,1874,1600,0.8657697986723148,103.345
2026-03-04,03:03:30 PM,1875,1601,0.8648991076298108,103.29856339787632
2026-03-04,03:03:31 PM,1876,1599,0.8571388172813361,103.25015634771732
2026-03-04,03:03:32 PM,1877,1602,0.8305791357607827,103.29151061173533
2026-03-04,03:03:33 PM,1878,1602,0.8133775233969004,103.65667915106117
2026-03-04,03:03:34 PM,1879,1604,0.7939070395367873,104.12281795511223
2026-03-04,03:03:35 PM,1880,1605,0.7698478599569827,104.7214953271028
2026-03-04,03:03:36 PM,1881,1607,0.7750223720685169,104.98506533914126
2026-03-04,03:03:37 PM,1882,1609,0.7894121043564747,105.33623368551896
2026-03-04,03:03:38 PM,1883,1609,0.8162260801938609,105.63269111249222
2026-03-04,03:03:39 PM,1884,1608,0.8143039146470402,106.1405472636816
2026-03-04,03:03:40 PM,1885,1608,0.8185190079762787,106.81529850746269
2026-03-04,03:03:41 PM,1886,1610,0.8059193169259778,107.17267080745341
2026-03-04,03:03:42 PM,1887,1611,0.7928235538124411,107.74363749224085
2026-03-04,03:03:43 PM,1888,1612,0.7840915386916388,108.33002481389578
2026-03-04,03:03:44 PM,1889,1611,0.7651009401107617,108.88888888888889
2026-03-04,03:03:45 PM,1890,1612,0.7654513485515774,109.16811414392059
2026-03-04,03:03:46 PM,1891,1613,0.7459942424033702,109.4494730316181
2026-03-04,03:03:47 PM,1892,1612,0.7278283691678339,109.90570719602978
2026-03-04,03:03:48 PM,1893,1611,0.6961218896192213,110.51024208566108
2026-03-04,03:03:49 PM,1894,1613,0.6911345125453284,110.97954122752635
2026-03-04,03:03:50 PM,1895,1614,0.682169696921057,111.2633209417596
2026-03-04,03:03:51 PM,1896,1614,0.6794732629004735,111.51053283767038
2026-03-04,03:03:52 PM,1897,1615,0.7104985730387132,111.5547987616099
2026-03-04,03:03:53 PM,1898,1617,0.7170554760800584,111.5899814471243
2026-03-04,03:03:54 PM,1899,1617,0.7225534675265628,111.81261595547309
2026-03-04,03:03:55 PM,1900,1617,0.7402124205544736,112.00123685837971
2026-03-04,03:03:56 PM,1901,1616,0.7309491350873623,112.32982673267327
2026-03-04,03:03:57 PM,1902,1615,0.7438079760891827,112.3157894736842
2026-03-04,03:03:58 PM,1903,1616,0.767120471340491,112.04084158415841
2026-03-04,03:03:59 PM,1904,1616,0.7851780742195514,111.87933168316832
2026-03-04,03:04:00 PM,1905,1617,0.7983193815671472,111.88373531230674
2026-03-04,03:04:01 PM,1906,1616,0.8029378451725538,111.47710396039604
2026-03-04,03:04:02 PM,1907,1619,0.7955023036305947,110.86720197652872
2026-03-04,03:04:03 PM,1908,1620,0.7860453661280097,110.40555555555555
2026-03-04,03:04:04 PM,1909,1619,0.7910702777269841,110.14576899320568
2026-03-04,03:04:05 PM,1910,1619,0.8065723964704216,109.44904261890055
2026-03-04,03:04:06 PM,1911,1620,0.8177907922741496,108.89259259259259
2026-03-04,03:04:07 PM,1912,1622,0.8134602702378355,108.14364981504316
2026-03-04,03:04:08 PM,1913,1625,0.8162608061503395,106.66092307692308
2026-03-04,03:04:09 PM,1914,1626,0.8160967695657734,105.3068880688807
2026-03-04,03:04:10 PM,1915,1625,0.8102756533399248,104.43384615384615
2026-03-04,03:04:11 PM,1916,1626,0.8127659634479585,103.85793357933579
2026-03-04,03:04:12 PM,1917,1631,0.817643409370642,103.17964438994481
2026-03-04,03:04:13 PM,1918,1633,0.8308831557870996,102.82118799755052
2026-03-04,03:04:14 PM,1919,1636,0.8295845329557247,102.18092909535453
2026-03-04,03:04:15 PM,1920,1637,0.8677692117361863,101.66401954795357
2026-03-04,03:04:16 PM,1921,1640,0.897894988959723,101.18658536585366
2026-03-04,03:04:17 PM,1922,1643,0.9258277980804954,100.53986609860011
2026-03-04,03:04:18 PM,1923,1645,0.9545777892864707,100.50699088145896
2026-03-04,03:04:19 PM,1924,1645,0.9552456279142089,100.79817629179331
2026-03-04,03:04:20 PM,1925,1645,0.9485151659760771,100.90516717325228
2026-03-04,03:04:21 PM,1926,1648,0.9320253323530875,100.61893203883496
2026-03-04,03:04:22 PM,1927,1650,0.9255154428108829,100.63272727272727
2026-03-04,03:04:23 PM,1928,1651,0.9255084853857939,100.64264082374319
2026-03-04,03:04:24 PM,1929,1653,0.9278860680798844,100.79491833030853
2026-03-04,03:04:25 PM,1930,1651,0.9254315133713829,100.9824348879467
2026-03-04,03:04:26 PM,1931,1652,0.9057794323380762,100.76694915254237
2026-03-04,03:04:27 PM,1932,1653,0.8933137641885885,100.69147005444646
2026-03-04,03:04:28 PM,1933,1653,0.8654458709968373,100.78886872353297
2026-03-04,03:04:29 PM,1934,1654,0.8371571404045841,100.78355501813785
2026-03-04,03:04:30 PM,1935,1654,0.8206035328142185,100.54957678355501
2026-03-04,03:04:31 PM,1936,1655,0.7817114416691037,100.52145015105741
2026-03-04,03:04:32 PM,1937,1657,0.7466259696686128,100.54315027157513
2026-03-04,03:04:33 PM,1938,1658,0.7389219763178703,100.89867310012063
2026-03-04,03:04:34 PM,1939,1658,0.7244362683454277,101.11700844390832
2026-03-04,03:04:35 PM,1940,1661,0.7146511170721913,101.14208308248044
2026-03-04,03:04:36 PM,1941,1662,0.7185578831615258,101.13898916967509
2026-03-04,03:04:37 PM,1942,1664,0.7360589547311013,101.2548076923077
2026-03-04,03:04:38 PM,1943,1666,0.7675704269000527,101.1218487394958
2026-03-04,03:04:39 PM,1944,1667,0.8098104815444731,100.86022795440911
2026-03-04,03:04:40 PM,1945,1667,0.8063960865940525,100.79184163167366
2026-03-04,03:04:41 PM,1946,1668,0.8307816321007666,100.89148681055156
2026-03-04,03:04:42 PM,1947,1669,0.8380413526050899,101.04313960455363
2026-03-04,03:04:43 PM,1948,1670,0.8180692396842422,101.36766467065868
2026-03-04,03:04:44 PM,1949,1668,0.7943037449333904,101.73860911270984
2026-03-04,03:04:45 PM,1950,1668,0.7823301198302965,102.03597122302158
2026-03-04,03:04:46 PM,1951,1668,0.774010597467948,102.34892086330935
2026-03-04,03:04:47 PM,1952,1668,0.7831761434897624,102.57494004796163
2026-03-04,03:04:48 PM,1953,1670,0.7679855422777219,102.8688622754491
2026-03-04,03:04:49 PM,1954,1674,0.7748953968170859,103.07467144563918
2026-03-04,03:04:50 PM,1955,1676,0.8045248255096898,102.8645584725537
2026-03-04,03:04:51 PM,1956,1676,0.8162206102940204,102.80668257756564
2026-03-04,03:04:52 PM,1957,1677,0.8435749849152805,102.64400715563507
2026-03-04,03:04:53 PM,1958,1676,0.8329333629467461,102.29057279236277
2026-03-04,03:04:54 PM,1959,1676,0.8326769481574807,101.66706443914082
2026-03-04,03:04:55 PM,1960,1675,0.8285722130277213,101.0244776119403
2026-03-04,03:04:56 PM,1961,1676,0.8263435783043522,100.4409307875895
2026-03-04,03:04:57 PM,1962,1677,0.8314725131195263,99.75611210494931
2026-03-04,03:04:58 PM,1963,1681,0.828378900821198,99.51873884592504
2026-03-04,03:04:59 PM,1964,1681,0.838248657032249,99.10291493158834
2026-03-04,03:05:00 PM,1965,1683,0.839074479774162,98.94771241830065
2026-03-04,03:05:01 PM,1966,1683,0.8393999336143513,99.10932857991682
2026-03-04,03:05:02 PM,1967,1686,0.8607233712191869,99.0338078291815
2026-03-04,03:05:03 PM,1968,1685,0.8397011473264417,99.11454005934718
2026-03-04,03:05:04 PM,1969,1686,0.8360277392606135,99.11862396204033
2026-03-04,03:05:05 PM,1970,1688,0.8541192606110082,99.2813981042654
2026-03-04,03:05:06 PM,1971,1687,0.8397404055566812,99.53526970954357
2026-03-04,03:05:07 PM,1972,1690,0.81856310202408,99.70414201183432
2026-03-04,03:05:08 PM,1973,1689,0.8024612427750238,100.19478981645945
2026-03-04,03:05:09 PM,1974,1689,0.7899495483879245,100.64239194789816
2026-03-04,03:05:10 PM,1975,1689,0.780934220057324,101.15689757252812
2026-03-04,03:05:11 PM,1976,1689,0.7669054120276922,101.3765541740675
2026-03-04,03:05:12 PM,1977,1687,0.7263867129819319,101.86247777119146
2026-03-04,03:05:13 PM,1978,1687,0.6945904630851173,101.92471843509188
2026-03-04,03:05:14 PM,1979,1689,0.6712386497200953,102.2421551213736
2026-03-04,03:05:15 PM,1980,1690,0.6494288323240213,102.62840236686391
2026-03-04,03:05:16 PM,1981,1691,0.6403669336638721,103.18805440567711
2026-03-04,03:05:17 PM,1982,1693,0.6347703151207156,103.72415829887773
2026-03-04,03:05:18 PM,1983,1695,0.6614265658094052,104.36106194690265
2026-03-04,03:05:19 PM,1984,1696,0.6713003878237879,104.92924528301887
2026-03-04,03:05:20 PM,1985,1695,0.6739154588960558,105.44837758112094
2026-03-04,03:05:21 PM,1986,1696,0.6881382969281692,105.86792452830188
2026-03-04,03:05:22 PM,1987,1696,0.6880112207917717,106.29599056603773
2026-03-04,03:05:23 PM,1988,1699,0.6697895428522619,106.71218363743378
2026-03-04,03:05:24 PM,1989,1700,0.6618200805614642,107.07941176470588
2026-03-04,03:05:25 PM,1990,1700,0.6599831096997961,107.27882352941177
2026-03-04,03:05:26 PM,1991,1701,0.6599220286722453,107.26807760141094
2026-03-04,03:05:27 PM,1992,1703,0.6506830134593017,107.44862008220787
2026-03-04,03:05:28 PM,1993,1707,0.6616615467863144,107.46514352665496
2026-03-04,03:05:29 PM,1994,1708,0.6551297744202929,108.01873536299766
2026-03-04,03:05:30 PM,1995,1708,0.6491781975837991,108.80620608899298
2026-03-04,03:05:31 PM,1996,1711,0.6281059678190088,109.37288135593221
2026-03-04,03:05:32 PM,1997,1710,0.5907952778633849,110.20409356725146
2026-03-04,03:05:33 PM,1998,1710,0.5731376309045095,110.92631578947369
2026-03-04,03:05:34 PM,1999,1712,0.5791403092645162,111.20210280373831
2026-03-04,03:05:35 PM,2000,1714,0.5871263007549319,111.35472578763127
2026-03-04,03:05:36 PM,2001,1715,0.5971818975442205,111.51137026239067
2026-03-04,03:05:37 PM,2002,1715,0.5981419728007471,111.77492711370262
2026-03-04,03:05:38 PM,2003,1718,0.6183479422424295,112.10011641443539
2026-03-04,03:05:39 PM,2004,1720,0.6128338805090503,112.31744186046511
2026-03-04,03:05:40 PM,2005,1721,0.6072731365543967,112.22080185938408
2026-03-04,03:05:41 PM,2006,1722,0.6174827548736616,111.95644599303135
2026-03-04,03:05:42 PM,2007,1723,0.6294128038574925,111.74289030760302
2026-03-04,03:05:43 PM,2008,1726,0.6401598301046335,111.40498261877173
2026-03-04,03:05:44 PM,2009,1728,0.636205495851994,111.19270833333333
2026-03-04,03:05:45 PM,2010,1730,0.6383769302286575,111.28843930635838
2026-03-04,03:05:46 PM,2011,1733,0.6371514936487794,111.26370455856896
2026-03-04,03:05:47 PM,2012,1734,0.6454120615799023,111.53229527104959
2026-03-04,03:05:48 PM,2013,1736,0.6437887323850093,111.60023041474655
2026-03-04,03:05:49 PM,2014,1739,0.6386499771661941,111.7176538240368
2026-03-04,03:05:50 PM,2015,1741,0.6320612129537186,111.80470993681791
2026-03-04,03:05:51 PM,2016,1743,0.6408476931076368,111.92713711990821
2026-03-04,03:05:52 PM,2017,1744,0.6522940305320083,111.94782110091744
2026-03-04,03:05:53 PM,2018,1746,0.6649965340096289,111.93069873997709
2026-03-04,03:05:54 PM,2019,1748,0.6787335502011034,111.80034324942791
2026-03-04,03:05:55 PM,2020,1749,0.6990659505074205,111.40651801029159
2026-03-04,03:05:56 PM,2021,1751,0.7030948217858529,111.32495716733295
2026-03-04,03:05:57 PM,2022,1753,0.7328945502985815,111.32116371933827
2026-03-04,03:05:58 PM,2023,1755,0.7426922451473427,111.29230769230769
2026-03-04,03:05:59 PM,2024,1755,0.7449348879211771,111.38518518518518
2026-03-04,03:06:00 PM,2025,1755,0.7332733440418061,111.6940170940171
2026-03-04,03:06:01 PM,2026,1756,0.7290436742982309,111.79100227790433
2026-03-04,03:06:02 PM,2027,1757,0.714880256688403,111.87478656801366
2026-03-04,03:06:03 PM,2028,1758,0.706084371191888,111.89419795221843
2026-03-04,03:06:04 PM,2029,1761,0.6954725558095767,111.89097103918229
2026-03-04,03:06:05 PM,2030,1763,0.7120225025019975,111.9676687464549
2026-03-04,03:06:06 PM,2031,1763,0.730405784646205,111.77084515031197
2026-03-04,03:06:07 PM,2032,1764,0.7137316654816563,111.87471655328798
2026-03-04,03:06:08 PM,2033,1764,0.7185952571267343,111.45408163265306
2026-03-04,03:06:09 PM,2034,1765,0.7112624672489399,111.20396600566572
2026-03-04,03:06:10 PM,2035,1768,0.7076036879092661,110.84445701357465
2026-03-04,03:06:11 PM,2036,1770,0.7135047659833222,110.55649717514125
2026-03-04,03:06:12 PM,2037,1774,0.7234567152832567,110.32074408117249
2026-03-04,03:06:13 PM,2038,1778,0.7145038389432171,110.2615298087739
2026-03-04,03:06:14 PM,2039,1780,0.7160145669254819,110.28089887640449
2026-03-04,03:06:15 PM,2040,1782,0.7444431623269984,110.22727272727273
2026-03-04,03:06:16 PM,2041,1785,0.7375756284608638,109.92268907563025
2026-03-04,03:06:17 PM,2042,1787,0.7230483321418808,109.70229434806939
2026-03-04,03:06:18 PM,2043,1788,0.7100584908997635,109.43064876957494
2026-03-04,03:06:19 PM,2044,1790,0.6891525528045759,109.29776536312849
2026-03-04,03:06:20 PM,2045,1792,0.6767984633521023,109.06696428571429
2026-03-04,03:06:21 PM,2046,1794,0.6628400514351745,108.92419175027871
2026-03-04,03:06:22 PM,2047,1795,0.6539082789138949,109.06573816155989
2026-03-04,03:06:23 PM,2048,1796,0.6541710332462853,109.25445434298442
2026-03-04,03:06:24 PM,2049,1796,0.664669707129276,109.73440979955457
2026-03-04,03:06:25 PM,2050,1798,0.6772550208787881,110.09454949944383
2026-03-04,03:06:26 PM,2051,1800,0.6803412971560855,110.07444444444444
2026-03-04,03:06:27 PM,2052,1801,0.6747948515762219,110.2881732370905
2026-03-04,03:06:28 PM,2053,1802,0.679192879061562,110.54217536071032
2026-03-04,03:06:29 PM,2054,1803,0.6946347551560758,110.9412090959512
2026-03-04,03:06:30 PM,2055,1805,0.7067362558880376,111.47036011080333
2026-03-04,03:06:31 PM,2056,1807,0.7012202627899995,111.83453237410072
2026-03-04,03:06:32 PM,2057,1809,0.6970437443894811,112.2758430071863
2026-03-04,03:06:33 PM,2058,1808,0.6825442247802134,112.76272123893806
2026-03-04,03:06:34 PM,2059,1812,0.6688711510578149,112.94812362030905
2026-03-04,03:06:35 PM,2060,1813,0.6657631824109953,113.18532818532819
2026-03-04,03:06:36 PM,2061,1815,0.6802604984007758,113.21101928374655
2026-03-04,03:06:37 PM,2062,1816,0.691506661997241,113.52533039647577
2026-03-04,03:06:38 PM,2063,1818,0.6913044971006005,113.67546754675467
2026-03-04,03:06:39 PM,2064,1818,0.6809962510373263,113.54950495049505
2026-03-04,03:06:40 PM,2065,1821,0.6780738279053246,113.40911587040088
2026-03-04,03:06:41 PM,2066,1824,0.6805213220091935,113.2220394736842
2026-03-04,03:06:42 PM,2067,1825,0.6704339630516714,113.1495890410959
2026-03-04,03:06:43 PM,2068,1826,0.6574239508026393,112.8406352683461
2026-03-04,03:06:44 PM,2069,1826,0.666687746473097,112.41128148959474
2026-03-04,03:06:45 PM,2070,1828,0.676270444010113,111.39606126914661
2026-03-04,03:06:46 PM,2071,1830,0.672744170392415,110.89180327868853
2026-03-04,03:06:47 PM,2072,1830,0.6686304851601655,110.7431693989071
2026-03-04,03:06:48 PM,2073,1833,0.6703674725538368,110.33060556464812
2026-03-04,03:06:49 PM,2074,1830,0.6605149238519697,110.48032786885246
2026-03-04,03:06:50 PM,2075,1831,0.6643697088953543,110.99726925177498
2026-03-04,03:06:51 PM,2076,1834,0.6672524722076234,111.48418756815704
2026-03-04,03:06:52 PM,2077,1834,0.6876626224228419,112.06924754634679
2026-03-04,03:06:53 PM,2078,1834,0.6993775040997124,112.5834242093784
2026-03-04,03:06:54 PM,2079,1837,0.7197345800629609,112.83015786608601
2026-03-04,03:06:55 PM,2080,1837,0.7306929881737116,113.21611322808927
2026-03-04,03:06:56 PM,2081,1838,0.723606738622186,113.38248095756256
2026-03-04,03:06:57 PM,2082,1839,0.731841633158647,113.56226209896683
2026-03-04,03:06:58 PM,2083,1841,0.7400208463013905,113.35850081477457
2026-03-04,03:06:59 PM,2084,1843,0.7636644385496346,113.01139446554531
2026-03-04,03:07:00 PM,2085,1845,0.7678091120486572,112.97452574525745
2026-03-04,03:07:01 PM,2086,1848,0.7544825271316896,112.7180735930736
2026-03-04,03:07:02 PM,2087,1850,0.7640974458242284,112.59567567567568
2026-03-04,03:07:03 PM,2088,1851,0.7698054060493554,112.57860615883307
2026-03-04,03:07:04 PM,2089,1853,0.7636770209395884,112.32595790609822
2026-03-04,03:07:05 PM,2090,1854,0.7588913192291115,112.10733549083064
2026-03-04,03:07:06 PM,2091,1853,0.7449957193817546,112.07501349163519
2026-03-04,03:07:07 PM,2092,1856,0.7573035899631788,111.97144396551724
2026-03-04,03:07:08 PM,2093,1857,0.7521950850438242,111.8976844372644
2026-03-04,03:07:09 PM,2094,1858,0.7488946426489737,111.94671689989235
2026-03-04,03:07:10 PM,2095,1858,0.75057123354223,112.32669537136707
2026-03-04,03:07:11 PM,2096,1859,0.7653491954834613,112.57288864981173
2026-03-04,03:07:12 PM,2097,1861,0.802504144310254,112.84040838259
2026-03-04,03:07:13 PM,2098,1861,0.8322943867421904,113.34282643739925
2026-03-04,03:07:14 PM,2099,1863,0.8506048202358965,113.60386473429952
2026-03-04,03:07:15 PM,2100,1864,0.8554107851627201,113.63841201716738
2026-03-04,03:07:16 PM,2101,1863,0.8336732033110982,113.60547504025764
2026-03-04,03:07:17 PM,2102,1862,0.8117167236993995,113.38345864661655
2026-03-04,03:07:18 PM,2103,1862,0.8034551286494244,113.12781954887218
2026-03-04,03:07:19 PM,2104,1863,0.8009183470929451,113.08373590982286
2026-03-04,03:07:20 PM,2105,1863,0.8162151230853593,112.81481481481481
2026-03-04,03:07:21 PM,2106,1864,0.8400144224484438,112.60729613733906
2026-03-04,03:07:22 PM,2107,1866,0.8400977678781636,112.39013933547696
2026-03-04,03:07:23 PM,2108,1868,0.8426553719431693,112.09421841541756
2026-03-04,03:07:24 PM,2109,1868,0.8470940789920863,112.15203426124197
2026-03-04,03:07:25 PM,2110,1868,0.84406949243374,112.41755888650964
2026-03-04,03:07:26 PM,2111,1869,0.8493013572755275,112.13536650615302
2026-03-04,03:07:27 PM,2112,1871,0.8428214538797562,112.03420630678781
2026-03-04,03:07:28 PM,2113,1873,0.8439583196246094,112.12012813667913
2026-03-04,03:07:29 PM,2114,1875,0.8468965063183971,111.84853333333334
2026-03-04,03:07:30 PM,2115,1878,0.8317652819991532,111.37859424920129
2026-03-04,03:07:31 PM,2116,1879,0.8250507061756979,111.50239489089941
2026-03-04,03:07:32 PM,2117,1883,0.8339322255717566,111.4891131173659
2026-03-04,03:07:33 PM,2118,1882,0.8268839384270267,111.18490967056323
2026-03-04,03:07:34 PM,2119,1884,0.827710639969398,111.05254777070064
2026-03-04,03:07:35 PM,2120,1883,0.8110112349077309,111.0616038236856
2026-03-04,03:07:36 PM,2121,1886,0.8083408724821516,111.03658536585365
2026-03-04,03:07:37 PM,2122,1884,0.795429154763151,111.29936305732484
2026-03-04,03:07:38 PM,2123,1887,0.7840825637936328,111.08002119766826
2026-03-04,03:07:39 PM,2124,1888,0.77061328521006,110.99311440677967
2026-03-04,03:07:40 PM,2125,1889,0.7556463850838053,110.7496029645315
2026-03-04,03:07:41 PM,2126,1889,0.7404057435500039,110.55637903652726
2026-03-04,03:07:42 PM,2127,1889,0.718421266146576,110.01005823186871
2026-03-04,03:07:43 PM,2128,1892,0.7391070914353183,109.35412262156449
2026-03-04,03:07:44 PM,2129,1894,0.7670652102203853,108.87803590285111
2026-03-04,03:07:45 PM,2130,1896,0.7806829023956383,108.27742616033755
2026-03-04,03:07:46 PM,2131,1896,0.7949701510804533,107.81381856540085
2026-03-04,03:07:47 PM,2132,1898,0.8096529653753695,107.4936775553214
2026-03-04,03:07:48 PM,2133,1898,0.8121942329600548,107.3477344573235
2026-03-04,03:07:49 PM,2134,1897,0.8139059787650944,106.9478123352662
2026-03-04,03:07:50 PM,2135,1896,0.8170106076755765,106.93354430379746
2026-03-04,03:07:51 PM,2136,1895,0.8194959199369827,106.53878627968338
2026-03-04,03:07:52 PM,2137,1895,0.8184604002171949,106.36675461741424
2026-03-04,03:07:53 PM,2138,1895,0.8402121637523782,106.0844327176781
2026-03-04,03:07:54 PM,2139,1894,0.8533739469052154,105.91869060190074
2026-03-04,03:07:55 PM,2140,1896,0.8750107198541638,105.61128691983123
2026-03-04,03:07:56 PM,2141,1895,0.8962861546362804,105.4928759894459
2026-03-04,03:07:57 PM,2142,1898,0.9147079920755783,105.35036880927292
2026-03-04,03:07:58 PM,2143,1901,0.9431584376113504,104.9484481851657
2026-03-04,03:07:59 PM,2144,1900,0.926861025738299,104.91684210526316
2026-03-04,03:08:00 PM,2145,1901,0.9073818005229484,105.02630194634403
2026-03-04,03:08:01 PM,2146,1903,0.8829047512373733,104.97845507094063
2026-03-04,03:08:02 PM,2147,1904,0.8629123115605166,104.7279411764706
2026-03-04,03:08:03 PM,2148,1903,0.8253346360972968,104.2238570677877
2026-03-04,03:08:04 PM,2149,1904,0.8250380333543663,103.14023109243698
2026-03-04,03:08:05 PM,2150,1908,0.8421610173273886,101.86163522012579
2026-03-04,03:08:06 PM,2151,1909,0.8640593091852952,101.00052383446831
2026-03-04,03:08:07 PM,2152,1912,0.8702330179392966,100.05491631799163
2026-03-04,03:08:08 PM,2153,1913,0.9013590924432471,99.17982226868793
2026-03-04,03:08:09 PM,2154,1918,0.9330650146222925,98.27528675703859
2026-03-04,03:08:10 PM,2155,1922,0.9447599779542362,97.26118626430801
2026-03-04,03:08:11 PM,2156,1923,0.953253673261033,96.7176287051482
2026-03-04,03:08:12 PM,2157,1925,0.9645244840070981,96.15324675324675
2026-03-04,03:08:13 PM,2158,1925,0.9669590598565659,95.70805194805195
2026-03-04,03:08:14 PM,2159,1925,0.9644406258732163,95.0109090909091
2026-03-04,03:08:15 PM,2160,1927,0.9709275849981259,94.66009340944473
2026-03-04,03:08:16 PM,2161,1928,0.985993322297554,94.2603734439834
2026-03-04,03:08:17 PM,2162,1929,0.9838850597178631,94.02073613271125
2026-03-04,03:08:18 PM,2163,1930,0.9646468542621178,93.46632124352331
2026-03-04,03:08:19 PM,2164,1933,0.9638740553394786,92.89291257113295
2026-03-04,03:08:20 PM,2165,1935,0.9452323414873006,92.57105943152455
2026-03-04,03:08:21 PM,2166,1936,0.9429713819523416,92.46280991735537
2026-03-04,03:08:22 PM,2167,1939,0.9340279695864275,92.08612686952037
2026-03-04,03:08:23 PM,2168,1941,0.9434927013436875,91.99433281813498
2026-03-04,03:08:24 PM,2169,1942,0.9560673213138602,91.92070030895984
2026-03-04,03:08:25 PM,2170,1943,0.9344593313448216,92.01132269686053
2026-03-04,03:08:26 PM,2171,1943,0.8954806305283182,92.26917138445702
2026-03-04,03:08:27 PM,2172,1944,0.890040568262105,92.55298353909465
2026-03-04,03:08:28 PM,2173,1946,0.9107195017864903,92.91418293936279
2026-03-04,03:08:29 PM,2174,1945,0.9038441030948644,93.53624678663239
2026-03-04,03:08:30 PM,2175,1946,0.8877973645144102,94.23895169578623
2026-03-04,03:08:31 PM,2176,1948,0.882403516026008,94.77566735112936
2026-03-04,03:08:32 PM,2177,1951,0.8897578797686,95.32291132752435
2026-03-04,03:08:33 PM,2178,1951,0.9093612713517603,95.77549974372117
2026-03-04,03:08:34 PM,2179,1953,0.9064545305228573,96.02150537634408
2026-03-04,03:08:35 PM,2180,1954,0.9043111598501572,96.521494370522
2026-03-04,03:08:36 PM,2181,1953,0.8855968187282424,96.92063492063492
2026-03-04,03:08:37 PM,2182,1952,0.8511767905589092,97.18237704918033
2026-03-04,03:08:38 PM,2183,1953,0.825619092955983,97.35176651305683
2026-03-04,03:08:39 PM,2184,1952,0.8061135093268162,97.95030737704919
2026-03-04,03:08:40 PM,2185,1953,0.8114507046660769,98.5284178187404
2026-03-04,03:08:41 PM,2186,1953,0.8001767630750639,99.0189452124936
2026-03-04,03:08:42 PM,2187,1954,0.7898596253097396,99.60951893551689
2026-03-04,03:08:43 PM,2188,1954,0.7833480850177095,100.35568065506654
2026-03-04,03:08:44 PM,2189,1955,0.7571639623214343,101.16879795396419
2026-03-04,03:08:45 PM,2190,1957,0.7608677076900526,101.86663260091977
2026-03-04,03:08:46 PM,2191,1959,0.7585081737282592,102.5696784073507
2026-03-04,03:08:47 PM,2192,1962,0.7472538817703123,103.21865443425077
2026-03-04,03:08:48 PM,2193,1961,0.7209908407628166,104.06731259561448
2026-03-04,03:08:49 PM,2194,1964,0.7041393481790844,104.7113034623218
2026-03-04,03:08:50 PM,2195,1965,0.7045732078851817,105.46157760814249
2026-03-04,03:08:51 PM,2196,1964,0.6933819408420525,106.2275967413442
2026-03-04,03:08:52 PM,2197,1966,0.7029330615260065,106.6968463886063
2026-03-04,03:08:53 PM,2198,1966,0.6994335563403222,107.14038657171923
2026-03-04,03:08:54 PM,2199,1967,0.6838686202125166,107.52414844941535
2026-03-04,03:08:55 PM,2200,1967,0.6611836840558771,107.98068124046772
2026-03-04,03:08:56 PM,2201,1970,0.647365973528429,108.27360406091371
2026-03-04,03:08:57 PM,2202,1972,0.6456870744051698,108.82555780933063
2026-03-04,03:08:58 PM,2203,1974,0.6648543272864984,109.33941236068895
2026-03-04,03:08:59 PM,2204,1976,0.6801087782819982,109.70546558704453
2026-03-04,03:09:00 PM,2205,1976,0.6634936269948722,110.21305668016194
2026-03-04,03:09:01 PM,2206,1977,0.6343341768507815,110.653009610521
2026-03-04,03:09:02 PM,2207,1975,0.6019500733989445,111.25974683544304
2026-03-04,03:09:03 PM,2208,1974,0.602914852617826,111.33029381965552
2026-03-04,03:09:04 PM,2209,1975,0.6055705148088345,111.3260759493671
2026-03-04,03:09:05 PM,2210,1976,0.6068804333859745,111.40334008097166
2026-03-04,03:09:06 PM,2211,1977,0.6020325836908536,111.48760748609004
2026-03-04,03:09:07 PM,2212,1978,0.6077652529327952,111.5242669362993
2026-03-04,03:09:08 PM,2213,1978,0.6179978327869576,111.5505561172902
2026-03-04,03:09:09 PM,2214,1978,0.645214505411416,111.30738119312437
2026-03-04,03:09:10 PM,2215,1982,0.6582247701334238,110.90060544904138
2026-03-04,03:09:11 PM,2216,1984,0.6799392535899881,110.6975806451613
2026-03-04,03:09:12 PM,2217,1985,0.6925706375165949,110.63576826196474
2026-03-04,03:09:13 PM,2218,1984,0.6963501175224139,110.67086693548387
2026-03-04,03:09:14 PM,2219,1982,0.7003971487154719,110.69979818365287
2026-03-04,03:09:15 PM,2220,1984,0.6933390757903094,110.6461693548387
2026-03-04,03:09:16 PM,2221,1985,0.6716137932202756,110.9183879093199
2026-03-04,03:09:17 PM,2222,1986,0.6570639131824549,111.05337361530715
2026-03-04,03:09:18 PM,2223,1988,0.6448772888562704,111.09054325955735
2026-03-04,03:09:19 PM,2224,1988,0.6370377737504278,110.76307847082495
2026-03-04,03:09:20 PM,2225,1990,0.6359140593175344,110.92060301507537
2026-03-04,03:09:21 PM,2226,1991,0.6468791265324091,111.22852837769965
2026-03-04,03:09:22 PM,2227,1992,0.6576104273759403,111.30220883534136
2026-03-04,03:09:23 PM,2228,1994,0.6747385850579968,111.18304914744233
2026-03-04,03:09:24 PM,2229,1995,0.6887782686832716,111.19548872180451
2026-03-04,03:09:25 PM,2230,1996,0.6924480575847657,111.21442885771543
2026-03-04,03:09:26 PM,2231,1997,0.6890194429547127,111.30495743615423
2026-03-04,03:09:27 PM,2232,1998,0.6735991375196945,111.37787787787788
2026-03-04,03:09:28 PM,2233,1999,0.6570944622594054,111.46423211605803
2026-03-04,03:09:29 PM,2234,2002,0.654192182829618,111.31518481518482
2026-03-04,03:09:30 PM,2235,2002,0.6369470910313668,111.46603396603396
2026-03-04,03:09:31 PM,2236,2003,0.6512956849376722,111.45381927109337
2026-03-04,03:09:32 PM,2237,2005,0.6522311441149382,111.39600997506234
2026-03-04,03:09:33 PM,2238,2008,0.6646155033915316,111.27788844621514
2026-03-04,03:09:34 PM,2239,2006,0.650770060322016,111.27567298105683
2026-03-04,03:09:35 PM,2240,2009,0.6597691632606535,110.96615231458438
2026-03-04,03:09:36 PM,2241,2010,0.6693985077895784,110.74676616915423
2026-03-04,03:09:37 PM,2242,2011,0.675340158170151,110.71158627548483
2026-03-04,03:09:38 PM,2243,2013,0.674461982568491,111.00149031296573
2026-03-04,03:09:39 PM,2244,2014,0.6696258642930234,110.99304865938431
2026-03-04,03:09:40 PM,2245,2014,0.6636120500834501,110.83763654419066
2026-03-04,03:09:41 PM,2246,2017,0.6823801488913439,110.40356965790778
2026-03-04,03:09:42 PM,2247,2018,0.6854991393560051,110.24033696729435
2026-03-04,03:09:43 PM,2248,2019,0.7080738545421227,110.26002971768202
2026-03-04,03:09:44 PM,2249,2020,0.7253189614279234,110.07376237623762
2026-03-04,03:09:45 PM,2250,2022,0.7326119033162841,109.8887240356083
2026-03-04,03:09:46 PM,2251,2024,0.7479848237646536,109.77420948616601
2026-03-04,03:09:47 PM,2252,2026,0.750170266430354,109.71816386969398
2026-03-04,03:09:48 PM,2253,2027,0.7421709929409182,109.93389245189935
2026-03-04,03:09:49 PM,2254,2028,0.7380911536748657,110.2199211045365
2026-03-04,03:09:50 PM,2255,2030,0.720801158552911,110.35270935960591
2026-03-04,03:09:51 PM,2256,2031,0.7279703007619328,110.61299852289513
2026-03-04,03:09:52 PM,2257,2034,0.7176924808030208,110.83726647000984
2026-03-04,03:09:53 PM,2258,2035,0.7176399545135838,111.04520884520885
2026-03-04,03:09:54 PM,2259,2034,0.7224074129216506,111.13470993117011
2026-03-04,03:09:55 PM,2260,2037,0.7317914786283533,110.88070692194404
2026-03-04,03:09:56 PM,2261,2039,0.72939777839652,110.69543894065718
2026-03-04,03:09:57 PM,2262,2042,0.7258628274445598,110.41870714985309
2026-03-04,03:09:58 PM,2263,2041,0.7313773043851279,110.31063204311612
2026-03-04,03:09:59 PM,2264,2040,0.731831469677065,109.77009803921568
2026-03-04,03:10:00 PM,2265,2040,0.7528830159961565,108.93480392156863
2026-03-04,03:10:01 PM,2266,2039,0.7724327557228201,108.44629720451202
2026-03-04,03:10:02 PM,2267,2039,0.7514393880199824,107.90044139283962
2026-03-04,03:10:03 PM,2268,2040,0.7544199578698991,107.43039215686275
2026-03-04,03:10:04 PM,2269,2040,0.7545844728255877,106.97254901960784
2026-03-04,03:10:05 PM,2270,2041,0.7509744706939738,106.87898089171975
2026-03-04,03:10:06 PM,2271,2042,0.7410579552907768,106.4515181194907
2026-03-04,03:10:07 PM,2272,2044,0.7488383289078242,106.26174168297456
2026-03-04,03:10:08 PM,2273,2045,0.7556361656655997,105.86014669926651
2026-03-04,03:10:09 PM,2274,2045,0.7679607770668626,105.26405867970661
2026-03-04,03:10:10 PM,2275,2046,0.7683117085876777,105.12512218963832
2026-03-04,03:10:11 PM,2276,2047,0.7808488765991015,104.84465070835368
2026-03-04,03:10:12 PM,2277,2049,0.7853182736335773,104.81356759394826
2026-03-04,03:10:13 PM,2278,2049,0.7905837977625462,104.83504148365056
2026-03-04,03:10:14 PM,2279,2048,0.7845990786508211,104.9482421875
2026-03-04,03:10:15 PM,2280,2049,0.774679165353706,104.9692532942899
2026-03-04,03:10:16 PM,2281,2051,0.7647989194256263,105.06143344709898
2026-03-04,03:10:17 PM,2282,2053,0.7740160381129028,105.17730150998538
2026-03-04,03:10:18 PM,2283,2054,0.7811516855206971,105.21859785783836
2026-03-04,03:10:19 PM,2284,2058,0.7595848223595058,105.455296404276
2026-03-04,03:10:20 PM,2285,2059,0.7584079016348287,105.87566779990287
2026-03-04,03:10:21 PM,2286,2060,0.7402232700767828,106.2995145631068
2026-03-04,03:10:22 PM,2287,2063,0.7364130037012979,106.20164808531266
2026-03-04,03:10:23 PM,2288,2064,0.7125242472881097,106.35707364341086
2026-03-04,03:10:24 PM,2289,2065,0.6926430885404371,106.78111380145279
2026-03-04,03:10:25 PM,2290,2066,0.6786677787406507,107.08712487899322
2026-03-04,03:10:26 PM,2291,2066,0.6824209606175026,107.17666989351403
2026-03-04,03:10:27 PM,2292,2068,0.667220101688645,107.23404255319149
2026-03-04,03:10:28 PM,2293,2069,0.6540217678068271,107.50749154180764
2026-03-04,03:10:29 PM,2294,2071,0.6600999446862587,107.6021245774988
2026-03-04,03:10:30 PM,2295,2072,0.6457125357252876,107.95801158301158
2026-03-04,03:10:31 PM,2296,2074,0.632676804573126,108.36162005785921
2026-03-04,03:10:32 PM,2297,2074,0.6066186565177282,108.6427193828351
2026-03-04,03:10:33 PM,2298,2075,0.581548945325374,108.8698795180723
2026-03-04,03:10:34 PM,2299,2078,0.5710759807479743,108.92252165543792
2026-03-04,03:10:35 PM,2300,2081,0.5750792859212585,109.05382027871215
2026-03-04,03:10:36 PM,2301,2084,0.5816019316811919,109.2883877159309
2026-03-04,03:10:37 PM,2302,2084,0.5770034122438634,109.55134357005758
2026-03-04,03:10:38 PM,2303,2084,0.582194926391574,110.18330134357005
2026-03-04,03:10:39 PM,2304,2085,0.5734351026059082,110.69880095923261
2026-03-04,03:10:40 PM,2305,2086,0.586213448172428,111.07286673058485
2026-03-04,03:10:41 PM,2306,2084,0.592367352017686,111.49712092130518
2026-03-04,03:10:42 PM,2307,2083,0.5882784237421262,111.44119059049449
2026-03-04,03:10:43 PM,2308,2085,0.6020401046428855,111.16163069544365
2026-03-04,03:10:44 PM,2309,2087,0.6102137290151606,110.84235745088644
2026-03-04,03:10:45 PM,2310,2086,0.58790861048518,110.90747842761266
2026-03-04,03:10:46 PM,2311,2087,0.5782334488691244,110.68758984187829
2026-03-04,03:10:47 PM,2312,2085,0.5697792073443205,110.28249400479616
2026-03-04,03:10:48 PM,2313,2087,0.5838921378209422,109.89123143267848
2026-03-04,03:10:49 PM,2314,2090,0.5775542154655446,109.3244019138756
2026-03-04,03:10:50 PM,2315,2092,0.5724548425817335,109.03393881453155
2026-03-04,03:10:51 PM,2316,2093,0.5764899020482538,108.6698518872432
2026-03-04,03:10:52 PM,2317,2095,0.572924868609041,108.62243436754177
2026-03-04,03:10:53 PM,2318,2095,0.5719773574113588,108.58520286396181
2026-03-04,03:10:54 PM,2319,2097,0.5766691204945178,108.33476394849785
2026-03-04,03:10:55 PM,2320,2100,0.5830546346542874,108.28571428571429
2026-03-04,03:10:56 PM,2321,2103,0.5849690943534461,108.08654303376129
2026-03-04,03:10:57 PM,2322,2106,0.612940057726981,107.71177587844255
2026-03-04,03:10:58 PM,2323,2107,0.6106708675522653,107.41338395823446
2026-03-04,03:10:59 PM,2324,2109,0.6080567327251248,107.06211474632528
2026-03-04,03:11:00 PM,2325,2108,0.6024823441165899,106.70825426944971
2026-03-04,03:11:01 PM,2326,2111,0.636492532352028,106.47323543344386
2026-03-04,03:11:02 PM,2327,2114,0.6537317557635972,106.27199621570483
2026-03-04,03:11:03 PM,2328,2115,0.6640891822118474,106.18581560283688
2026-03-04,03:11:04 PM,2329,2117,0.6605110467238503,105.93670288143599
2026-03-04,03:11:05 PM,2330,2121,0.674600092799088,105.28665723715228
2026-03-04,03:11:06 PM,2331,2123,0.6672539098731667,105.12859161563824
2026-03-04,03:11:07 PM,2332,2127,0.651786220748212,104.63234602726845
2026-03-04,03:11:08 PM,2333,2129,0.6423125275524004,104.22029121653358
2026-03-04,03:11:09 PM,2334,2128,0.6247119636536036,104.08176691729324
2026-03-04,03:11:10 PM,2335,2131,0.6174272558300806,103.77006100422336
2026-03-04,03:11:11 PM,2336,2132,0.6157373183593999,103.51969981238274
2026-03-04,03:11:12 PM,2337,2135,0.6143646117171557,103.42763466042155
2026-03-04,03:11:13 PM,2338,2137,0.6184080254830209,103.00842302292934
2026-03-04,03:11:14 PM,2339,2137,0.6186152802922557,102.53205428170332
2026-03-04,03:11:15 PM,2340,2138,0.6320636681656797,102.09214218896165
2026-03-04,03:11:16 PM,2341,2140,0.6412831115198191,101.38271028037383
2026-03-04,03:11:17 PM,2342,2142,0.6524228398000718,100.87441643323996
2026-03-04,03:11:18 PM,2343,2144,0.6564369089880899,100.49486940298507
2026-03-04,03:11:19 PM,2344,2145,0.640543959648295,100.16969696969697
2026-03-04,03:11:20 PM,2345,2145,0.6254383063030524,99.96456876456877
2026-03-04,03:11:21 PM,2346,2145,0.6299016757271654,99.61398601398601
2026-03-04,03:11:22 PM,2347,2146,0.631691005005437,99.26794035414726
2026-03-04,03:11:23 PM,2348,2150,0.6328840198670922,98.76651162790698
2026-03-04,03:11:24 PM,2349,2152,0.6419029547729825,98.50046468401487
2026-03-04,03:11:25 PM,2350,2150,0.6343974711146279,98.07116279069767
2026-03-04,03:11:26 PM,2351,2152,0.618304999838241,97.55808550185874
2026-03-04,03:11:27 PM,2352,2155,0.5931894870539741,97.2691415313225
2026-03-04,03:11:28 PM,2353,2157,0.5823551775232902,96.90542420027816
2026-03-04,03:11:29 PM,2354,2159,0.5824774522015689,96.6943029180176
2026-03-04,03:11:30 PM,2355,2162,0.6048608698856769,96.41813135985198
2026-03-04,03:11:31 PM,2356,2162,0.6280418959163867,96.422756706753
2026-03-04,03:11:32 PM,2357,2161,0.6370359211561544,96.36834798704304
2026-03-04,03:11:33 PM,2358,2161,0.6465173120189784,96.28921795465062
2026-03-04,03:11:34 PM,2359,2164,0.6555416483966006,96.18484288354898
2026-03-04,03:11:35 PM,2360,2163,0.6698612969780272,96.68562182154415
2026-03-04,03:11:36 PM,2361,2164,0.6870080036460918,96.75323475046211
2026-03-04,03:11:37 PM,2362,2163,0.6695168985190306,96.83263985205733
2026-03-04,03:11:38 PM,2363,2164,0.6562625534506492,96.83826247689464
2026-03-04,03:11:39 PM,2364,2164,0.6434324666248271,96.89463955637709
2026-03-04,03:11:40 PM,2365,2165,0.6384863182326075,97.13302540415704
2026-03-04,03:11:41 PM,2366,2164,0.6333516443632945,97.09704251386322
2026-03-04,03:11:42 PM,2367,2165,0.6107617036802555,96.91963048498845
2026-03-04,03:11:43 PM,2368,2167,0.5942165026779901,96.8011075219197
2026-03-04,03:11:44 PM,2369,2168,0.5901710766459142,96.89068265682657
2026-03-04,03:11:45 PM,2370,2168,0.6095452122024844,97.28828413284133
2026-03-04,03:11:46 PM,2371,2167,0.6030369286390449,97.69358560221504
2026-03-04,03:11:47 PM,2372,2169,0.5930796592436983,97.97233748271093
2026-03-04,03:11:48 PM,2373,2170,0.5902626198550155,98.36866359447005
2026-03-04,03:11:49 PM,2374,2172,0.6014143263442281,98.5842541436464
2026-03-04,03:11:50 PM,2375,2173,0.5863243872802266,98.69443166129774
2026-03-04,03:11:51 PM,2376,2174,0.5764047472658264,98.8951241950322
2026-03-04,03:11:52 PM,2377,2177,0.5565241425448654,99.03399173174093
2026-03-04,03:11:53 PM,2378,2180,0.5464257467080271,99.28853211009174
2026-03-04,03:11:54 PM,2379,2180,0.5310518319644967,99.7270642201835
2026-03-04,03:11:55 PM,2380,2183,0.5168124529289417,100.03802107191937
2026-03-04,03:11:56 PM,2381,2183,0.5020828733895072,100.54237288135593
2026-03-04,03:11:57 PM,2382,2185,0.501243385961039,101.09931350114417
2026-03-04,03:11:58 PM,2383,2187,0.49689587863327733,101.65112025605853
2026-03-04,03:11:59 PM,2384,2188,0.49036499899744207,102.24725776965265
2026-03-04,03:12:00 PM,2385,2190,0.49319302496977224,102.7904109589041
2026-03-04,03:12:01 PM,2386,2192,0.5017102957914158,103.19297445255475
2026-03-04,03:12:02 PM,2387,2195,0.5067745500168812,103.59088838268792
2026-03-04,03:12:03 PM,2388,2196,0.5206830852051605,104.1115664845173
2026-03-04,03:12:04 PM,2389,2197,0.5337929769818998,104.1279016841147
2026-03-04,03:12:05 PM,2390,2197,0.5385615939731508,104.13563950842057
2026-03-04,03:12:06 PM,2391,2199,0.5349530256233987,103.9681673487949
2026-03-04,03:12:07 PM,2392,2198,0.5176363017596488,103.76706096451319
2026-03-04,03:12:08 PM,2393,2200,0.4938180692616511,103.57363636363637
2026-03-04,03:12:09 PM,2394,2201,0.4848392925658977,103.59018627896411
2026-03-04,03:12:10 PM,2395,2202,0.4760008819036361,103.72888283378747
2026-03-04,03:12:11 PM,2396,2203,0.4568377685943746,103.87834770767135
2026-03-04,03:12:12 PM,2397,2206,0.44887499843452733,104.0453309156845
2026-03-04,03:12:13 PM,2398,2208,0.4512086615768066,104.16938405797102
2026-03-04,03:12:14 PM,2399,2208,0.43789364817974474,104.61684782608695
2026-03-04,03:12:15 PM,2400,2209,0.4261145865353449,104.9271163422363
2026-03-04,03:12:16 PM,2401,2211,0.4197972352158742,105.25644504748982
2026-03-04,03:12:17 PM,2402,2214,0.4288307658050349,105.5252935862692
2026-03-04,03:12:18 PM,2403,2213,0.44388955630603405,105.99186624491641
2026-03-04,03:12:19 PM,2404,2215,0.43990819135033016,106.4451467268623
2026-03-04,03:12:20 PM,2405,2215,0.4448129117348064,106.92731376975169
2026-03-04,03:12:21 PM,2406,2217,0.4526356755810019,107.05773567884529
2026-03-04,03:12:22 PM,2407,2219,0.45959673904284676,107.21541234790446
2026-03-04,03:12:23 PM,2408,2220,0.45086732692342574,107.2518018018018
2026-03-04,03:12:24 PM,2409,2223,0.4544366090105056,107.24561403508773
2026-03-04,03:12:25 PM,2410,2223,0.4463567329447962,107.38911381016644
2026-03-04,03:12:26 PM,2411,2225,0.4422895700326585,107.43685393258427
2026-03-04,03:12:27 PM,2412,2226,0.4494405671448249,107.41958670260557
2026-03-04,03:12:28 PM,2413,2226,0.44243248679721653,107.18014375561545
2026-03-04,03:12:29 PM,2414,2229,0.446794346852578,106.97039030955585
2026-03-04,03:12:30 PM,2415,2230,0.45048376573729737,106.8609865470852
2026-03-04,03:12:31 PM,2416,2234,0.4548642780188044,106.78558639212176
2026-03-04,03:12:32 PM,2417,2237,0.4515693169077307,107.01117568171658
2026-03-04,03:12:33 PM,2418,2239,0.4528957739033089,107.49620366234926
2026-03-04,03:12:34 PM,2419,2239,0.4541192410624276,107.92630638677981
2026-03-04,03:12:35 PM,2420,2241,0.45957552220267944,108.21865238732708
2026-03-04,03:12:36 PM,2421,2243,0.4640138585162425,108.57868925546144
2026-03-04,03:12:37 PM,2422,2243,0.4732865252854512,108.95675434685688
2026-03-04,03:12:38 PM,2423,2244,0.4731341836241285,109.41131907308377
2026-03-04,03:12:39 PM,2424,2242,0.46942914554764104,109.90722569134701
2026-03-04,03:12:40 PM,2425,2243,0.4522884024150219,110.29246544806064
2026-03-04,03:12:41 PM,2426,2241,0.44607608965611323,110.67826863007586
2026-03-04,03:12:42 PM,2427,2244,0.44016164720793755,111.00401069518716
2026-03-04,03:12:43 PM,2428,2244,0.4477966908767186,111.34536541889483
2026-03-04,03:12:44 PM,2429,2246,0.4757844491868343,111.48975957257346
2026-03-04,03:12:45 PM,2430,2248,0.47392060363496635,111.67749110320284
2026-03-04,03:12:46 PM,2431,2249,0.4845999679613957,111.55046687416629
2026-03-04,03:12:47 PM,2432,2251,0.4922699937947909,111.33673922701021
2026-03-04,03:12:48 PM,2433,2253,0.48495227161843707,111.27962716378163
2026-03-04,03:12:49 PM,2434,2253,0.49243644344549076,111.19085663559699
2026-03-04,03:12:50 PM,2435,2256,0.4846477119210486,110.99379432624113
2026-03-04,03:12:51 PM,2436,2259,0.4786703053578973,110.76007082779991
2026-03-04,03:12:52 PM,2437,2259,0.47737531239462017,110.85790172642763
2026-03-04,03:12:53 PM,2438,2259,0.47911911174305544,110.78308986277113
2026-03-04,03:12:54 PM,2439,2260,0.4716166447353423,110.86061946902655
2026-03-04,03:12:55 PM,2440,2260,0.46229574143031255,110.80663716814159
2026-03-04,03:12:56 PM,2441,2259,0.45210226350334803,110.63612217795485
2026-03-04,03:12:57 PM,2442,2260,0.441803066719221,110.75796460176991
2026-03-04,03:12:58 PM,2443,2261,0.42383458171820754,110.87881468376824
2026-03-04,03:12:59 PM,2444,2264,0.42640834662907146,110.80565371024736
2026-03-04,03:13:00 PM,2445,2264,0.41602512845941525,110.75706713780919
2026-03-04,03:13:01 PM,2446,2264,0.4082443353858221,110.55565371024736
2026-03-04,03:13:02 PM,2447,2271,0.4274215105277203,110.1594011448701
2026-03-04,03:13:03 PM,2448,2273,0.43248602300387545,110.13462384513858
2026-03-04,03:13:04 PM,2449,2273,0.42577547467445304,109.99076110866696
2026-03-04,03:13:05 PM,2450,2272,0.425150767202653,109.47051056338029
2026-03-04,03:13:06 PM,2451,2272,0.4368009095683849,108.96170774647888
2026-03-04,03:13:07 PM,2452,2274,0.43806067862776205,108.22295514511873
2026-03-04,03:13:08 PM,2453,2276,0.4424015362318243,107.77811950790861
2026-03-04,03:13:09 PM,2454,2276,0.4437684437296392,107.72891036906854
2026-03-04,03:13:10 PM,2455,2276,0.4604626466926289,107.451230228471
2026-03-04,03:13:11 PM,2456,2279,0.4607192264401367,107.14655550680123
2026-03-04,03:13:12 PM,2457,2282,0.45605296645365045,107.27169149868536
2026-03-04,03:13:13 PM,2458,2287,0.45546317863838354,107.29033668561434
2026-03-04,03:13:14 PM,2459,2290,0.4466627026641639,107.11135371179039
2026-03-04,03:13:15 PM,2460,2292,0.44721622765601027,106.74258289703316
2026-03-04,03:13:16 PM,2461,2294,0.448614287678436,106.56320836965999
2026-03-04,03:13:17 PM,2462,2294,0.45109894947341694,106.30863121185702
2026-03-04,03:13:18 PM,2463,2298,0.47121150605528667,105.5757180156658
2026-03-04,03:13:19 PM,2464,2299,0.4830414497589054,105.17181383210091
2026-03-04,03:13:20 PM,2465,2301,0.48929458305079054,104.82268578878748
2026-03-04,03:13:21 PM,2466,2298,0.4971241184538915,103.97780678851174
2026-03-04,03:13:22 PM,2467,2298,0.5065630714951985,102.90557006092254
2026-03-04,03:13:23 PM,2468,2301,0.5083367360195264,102.09083007388092
2026-03-04,03:13:24 PM,2469,2300,0.5043698792646133,101.55826086956522
2026-03-04,03:13:25 PM,2470,2303,0.5092415129213906,101.09509335649153
2026-03-04,03:13:26 PM,2471,2304,0.5090407099470559,100.53776041666667
2026-03-04,03:13:27 PM,2472,2307,0.5058787096377194,99.98699609882965
2026-03-04,03:13:28 PM,2473,2309,0.5045496992812056,99.72802078822001
2026-03-04,03:13:29 PM,2474,2310,0.49433039775624316,99.02164502164503
2026-03-04,03:13:30 PM,2475,2311,0.48382115432071476,98.65382951103419
2026-03-04,03:13:31 PM,2476,2312,0.4833240036373476,98.36245674740485
2026-03-04,03:13:32 PM,2477,2313,0.488198510443345,97.78253350626892
2026-03-04,03:13:33 PM,2478,2316,0.4928732008516722,97.34455958549223
2026-03-04,03:13:34 PM,2479,2316,0.4949122987866802,97.35751295336787
2026-03-04,03:13:35 PM,2480,2319,0.4976692814694027,97.1280724450194
2026-03-04,03:13:36 PM,2481,2322,0.506589788889851,97.2807924203273
2026-03-04,03:13:37 PM,2482,2324,0.5162784970820845,97.0447504302926
2026-03-04,03:13:38 PM,2483,2326,0.5073848483604237,96.78675838349098
2026-03-04,03:13:39 PM,2484,2326,0.5101417626588217,96.54299226139295
2026-03-04,03:13:40 PM,2485,2327,0.5149337070681826,96.37258272453803
2026-03-04,03:13:41 PM,2486,2326,0.5101672483299564,96.08082545141875
2026-03-04,03:13:42 PM,2487,2328,0.5147524367189765,95.85953608247422
2026-03-04,03:13:43 PM,2488,2330,0.5130753248671945,95.85407725321889
2026-03-04,03:13:44 PM,2489,2332,0.512823827359237,96.1123499142367
2026-03-04,03:13:45 PM,2490,2335,0.5066889806402821,96.09079229122055
2026-03-04,03:13:46 PM,2491,2338,0.5128217762918101,95.97219846022242
2026-03-04,03:13:47 PM,2492,2339,0.5162586390784438,96.19367250961949
2026-03-04,03:13:48 PM,2493,2342,0.5327004266130576,96.29846285226303
2026-03-04,03:13:49 PM,2494,2343,0.5364439721704637,96.36150234741784
2026-03-04,03:13:50 PM,2495,2345,0.5275773337525644,96.50234541577825
2026-03-04,03:13:51 PM,2496,2344,0.5206214137963868,96.55887372013652
2026-03-04,03:13:52 PM,2497,2345,0.5009701618027769,96.88571428571429
2026-03-04,03:13:53 PM,2498,2346,0.47271045126423333,97.03708439897699
2026-03-04,03:13:54 PM,2499,2348,0.4746786711562561,97.24190800681431
2026-03-04,03:13:55 PM,2500,2349,0.47978430010383055,97.44061302681992
2026-03-04,03:13:56 PM,2501,2351,0.48741291283769184,97.60782645682688
2026-03-04,03:13:57 PM,2502,2352,0.490662149442888,97.80102040816327
2026-03-04,03:13:58 PM,2503,2355,0.5013113041109344,98.04628450106158
2026-03-04,03:13:59 PM,2504,2357,0.5009352405049885,98.30038184132371
2026-03-04,03:14:00 PM,2505,2359,0.5044366858798992,98.54853751589657
2026-03-04,03:14:01 PM,2506,2361,0.5091441101282516,98.7738246505718
2026-03-04,03:14:02 PM,2507,2363,0.5260568452665991,99.0
2026-03-04,03:14:03 PM,2508,2365,0.5387553224756033,99.12854122621565
2026-03-04,03:14:04 PM,2509,2366,0.5325368810715791,99.21724429416737
2026-03-04,03:14:05 PM,2510,2366,0.5241884655662686,99.05071851225698
2026-03-04,03:14:06 PM,2511,2366,0.5093870501371984,98.7861369399831
2026-03-04,03:14:07 PM,2512,2369,0.49288140267055475,98.66652596032081
2026-03-04,03:14:08 PM,2513,2371,0.4899186497884958,98.32349219738506
2026-03-04,03:14:09 PM,2514,2373,0.4926502714840528,98.0063211125158
2026-03-04,03:14:10 PM,2515,2377,0.49017959907971037,97.81909970551115
2026-03-04,03:14:11 PM,2516,2375,0.47558301399554614,97.93515789473685
2026-03-04,03:14:12 PM,2517,2376,0.4699417682002842,97.85395622895624
2026-03-04,03:14:13 PM,2518,2378,0.4799584162768354,97.81581160639193
2026-03-04,03:14:14 PM,2519,2379,0.4939008888341663,97.52038671710802
2026-03-04,03:14:15 PM,2520,2380,0.4910013777125497,97.48655462184874
2026-03-04,03:14:16 PM,2521,2384,0.49846835958043034,97.35654362416108
2026-03-04,03:14:17 PM,2522,2386,0.5007543654085508,97.12824811399832
2026-03-04,03:14:18 PM,2523,2388,0.4877309418648684,97.00251256281408
2026-03-04,03:14:19 PM,2524,2388,0.45962716199055054,96.92462311557789
2026-03-04,03:14:20 PM,2525,2387,0.45355532099420914,96.89484708839548
2026-03-04,03:14:21 PM,2526,2387,0.4415891354316751,96.84331797235023
2026-03-04,03:14:22 PM,2527,2387,0.44165196970639287,96.97360703812316
2026-03-04,03:14:23 PM,2528,2390,0.4628092059270851,97.30794979079498
2026-03-04,03:14:24 PM,2529,2392,0.4542245159111192,97.64172240802675
2026-03-04,03:14:25 PM,2530,2394,0.4450302136175385,98.0375939849624
2026-03-04,03:14:26 PM,2531,2397,0.4418378107387028,98.33708802670004
2026-03-04,03:14:27 PM,2532,2400,0.44815501239549094,98.72916666666667
2026-03-04,03:14:28 PM,2533,2400,0.4514155198523357,99.15583333333333
2026-03-04,03:14:29 PM,2534,2404,0.46016506165538096,99.24584026622296
2026-03-04,03:14:30 PM,2535,2405,0.4671069772272582,99.55093555093555
